timestamp,open,high,low,close,volume
1569196800000,9930.13,9930.13,9930.13,9930.13,0.001
1569283200000,9637.93,9665.05,7996.45,8519.67,202.350799
1569369600000,8528.12,8724.77,8247.78,8435.28,55.417971
1569456000000,8434.45,8453.2,7761.87,8064.41,41.880079
1569542400000,8078.75,8259.96,7858.58,8178.73,47.142904
1569628800000,8199.4,8320.51,8020.0,8208.07,21.24093
1569715200000,8210.66,8220.38,7916.9,8047.12,61.639171
1569801600000,8058.25,8322.99,7744.23,8292.35,112.009925
1569888000000,8281.4,8498.23,8180.16,8295.63,49.861058
1569974400000,8305.0,8367.97,8154.37,8363.74,31.814659
1570060800000,8369.31,8386.65,8078.48,8222.19,40.654746
1570147200000,8227.57,8232.85,8005.25,8144.09,39.38286
1570233600000,8134.38,8179.58,8015.49,8128.65,25.41557
1570320000000,8128.65,8148.88,7801.0,7866.87,75.425625
1570406400000,7860.25,8289.0,7772.14,8191.94,78.870991
1570492800000,8205.09,8322.42,8110.4,8180.7,39.129437
1570579200000,8178.47,8662.01,8118.67,8570.8,96.568413
1570665600000,8565.75,8640.58,8439.36,8559.93,32.783931
1570752000000,8560.99,8772.46,8229.29,8266.17,139.985707
1570838400000,8255.24,8394.78,8251.15,8299.85,32.490636
1570924800000,8294.16,8448.7,8166.51,8276.97,55.029713
1571011200000,8273.46,8371.24,8213.4,8349.0,69.948401
1571097600000,8349.91,8400.92,8118.69,8163.48,99.706251
1571184000000,8162.08,8179.74,7922.44,7995.35,75.488533
1571270400000,7995.35,8122.45,7932.65,8073.01,93.712189
1571356800000,8070.24,8115.37,7825.0,7946.04,78.638399
1571443200000,7947.23,8080.03,7879.66,7956.07,76.470455
1571529600000,7952.67,8288.14,7875.62,8220.22,131.607879
1571616000000,8222.0,8324.66,8150.01,8200.03,119.36608
1571702400000,8196.41,8294.04,8000.72,8017.72,142.976904
1571788800000,8015.96,8044.28,7310.24,7466.85,273.918751
1571875200000,7466.85,7492.37,7341.62,7415.47,225.298306
1571961600000,7415.47,8776.6,7377.73,8653.66,382.335815
1572048000000,8655.5,10352.43,8637.01,9231.81,650.191206
1572134400000,9232.69,9787.69,9077.85,9530.88,429.573986
1572220800000,9528.62,9901.97,9182.33,9198.09,343.196832
1572307200000,9202.96,9533.79,9094.14,9408.43,280.989401
1572393600000,9407.96,9407.96,9004.51,9154.99,195.557213
1572480000000,9168.24,9400.0,8950.81,9142.65,181.578946
1572566400000,9141.77,9270.25,9041.97,9230.4,97.201588
1572652800000,9237.7,9366.42,9191.84,9288.85,66.076289
1572739200000,9320.52,9361.62,9069.38,9203.46,34.509873
1572825600000,9199.9,9505.13,9119.48,9391.41,52.793238
1572912000000,9395.14,9454.72,9180.44,9301.49,54.873119
1572998400000,9308.69,9429.6,9255.24,9346.85,34.746287
1573084800000,9342.01,9371.03,9115.87,9210.1,67.721284
1573171200000,9207.76,9253.18,8697.25,8781.14,142.738944
1573257600000,8773.61,8875.14,8729.97,8810.15,50.229502
1573344000000,8802.19,9137.31,8759.48,9039.3,85.368805
1573430400000,9044.51,9065.8,8624.44,8731.92,74.459175
1573516800000,8712.08,8874.22,8600.0,8821.69,87.183872
1573603200000,8823.72,8841.26,8721.49,8791.21,161.907523
1573689600000,8791.22,8808.57,8598.33,8645.97,70.182731
1573776000000,8645.97,8783.3,8408.21,8473.65,94.894971
1573862400000,8479.04,8535.98,8445.92,8495.01,68.057582
1573948800000,8495.01,8626.55,8420.0,8511.33,95.148871
1574035200000,8511.51,8511.51,8069.0,8186.59,71.17284
1574121600000,8182.71,8208.97,8004.04,8133.77,83.997387
1574208000000,8134.49,8229.5,8046.64,8094.38,58.436428
1574294400000,8097.84,8132.71,7520.18,7634.12,195.157049
1574380800000,7628.15,7721.84,6798.5,7282.49,205.231104
1574467200000,7277.26,7343.76,7087.9,7314.92,30.163185
1574553600000,7321.06,7334.4,6890.0,6905.31,143.180018
1574640000000,6901.05,7369.92,6524.64,7121.63,179.918842
1574726400000,7114.36,7335.85,7031.09,7151.05,115.245337
1574812800000,7155.73,7648.1,6850.74,7515.75,102.011077
1574899200000,7506.5,7643.22,7365.12,7424.67,88.485575
1574985600000,7412.07,7855.0,7404.12,7737.13,91.680678
1575072000000,7737.98,7800.0,7414.0,7548.08,114.531438
1575158400000,7540.08,7542.65,7236.66,7396.18,77.402772
1575244800000,7405.58,7419.16,7162.23,7296.97,107.114703
1575331200000,7296.96,7399.97,7239.55,7281.25,58.636189
1575417600000,7284.86,7751.07,7082.46,7195.68,118.667835
1575504000000,7180.59,7480.67,7153.94,7381.97,113.534324
1575590400000,7376.79,7597.04,7303.9,7529.99,76.723168
1575676800000,7542.59,7611.36,7472.23,7491.51,36.009011
1575763200000,7485.51,7562.68,7378.86,7509.15,32.269798
1575849600000,7511.64,7645.75,7276.66,7345.27,68.682337
1575936000000,7337.84,7405.29,7164.42,7227.39,59.576235
1576022400000,7230.5,7271.71,7139.23,7208.17,23.33556
1576108800000,7210.16,7292.67,7087.23,7200.81,43.880735
1576195200000,7196.03,7302.72,7195.48,7253.02,24.308115
1576281600000,7254.49,7269.11,7013.56,7068.94,49.742195
1576368000000,7066.69,7196.62,7011.08,7121.19,32.087207
1576454400000,7123.79,7152.66,6850.0,6893.47,80.234618
1576540800000,6891.13,6937.54,6564.89,6619.91,104.834435
1576627200000,6626.58,7411.91,6438.08,7270.83,156.116394
1576713600000,7285.03,7366.95,7048.75,7147.99,76.642129
1576800000000,7156.13,7214.26,7082.3,7181.29,29.912234
1576886400000,7188.86,7190.69,7118.0,7137.74,17.305598
1576972800000,7137.36,7512.47,7127.42,7504.57,69.748961
1577059200000,7510.48,7689.98,7271.82,7321.46,139.129644
1577145600000,7312.63,7430.89,7166.3,7276.31,68.082751
1577232000000,7262.39,7272.13,7131.55,7200.1,31.498899
1577318400000,7205.02,7432.08,7164.33,7208.33,38.359558
1577404800000,7208.33,7273.96,7100.0,7249.98,56.297457
1577491200000,7253.94,7361.77,7250.22,7308.62,31.311032
1577577600000,7312.34,7526.48,7294.84,7391.07,25.926259
1577664000000,7357.28,7396.65,7227.31,7244.3,75.239284
1577750400000,7240.76,7300.0,7146.0,7197.33,50.669991
1577836800000,7180.46,7245.54,7175.62,7195.65,31.403883
1577923200000,7191.39,7210.05,6934.29,6961.8,67.004407
1578009600000,6958.14,7404.24,6877.78,7345.65,102.621386
1578096000000,7344.55,7403.98,7282.25,7349.45,32.271372
1578182400000,7363.88,7489.84,7332.96,7364.19,67.247638
1578268800000,7359.4,7796.86,7352.92,7777.53,142.311675
1578355200000,7785.53,8198.98,7735.68,8174.34,242.896066
1578441600000,8174.37,8456.12,7890.0,8051.97,186.162188
1578528000000,8036.44,8036.44,7753.44,7824.32,116.171338
1578614400000,7813.16,8195.0,7684.66,8195.0,189.003029
1578700800000,8195.0,8290.0,8010.01,8026.42,79.694317
1578787200000,8010.01,8192.05,7968.79,8185.42,46.703006
1578873600000,8186.81,8186.81,8059.34,8102.27,71.026524
1578960000000,8110.96,8891.18,8110.96,8847.12,351.521336
1579046400000,8808.88,8911.21,8579.47,8817.79,146.624295
1579132800000,8836.69,8857.99,8595.65,8730.0,95.196653
1579219200000,8729.99,9022.5,8673.1,8915.59,77.322512
1579305600000,8905.0,8988.76,8805.36,8917.29,51.104627
1579392000000,8913.69,9200.0,8493.57,8718.51,217.436897
1579478400000,8725.94,8741.97,8530.0,8644.33,44.186513
1579564800000,8650.15,8778.28,8503.31,8754.88,69.588088
1579651200000,8737.02,8819.92,8605.64,8670.36,37.871172
1579737600000,8671.0,8671.0,8305.5,8414.87,64.560013
1579824000000,8411.45,8524.11,8241.5,8451.96,82.696069
1579910400000,8440.25,8442.68,8277.21,8344.78,75.48201
1579996800000,8340.11,8612.12,8301.86,8612.12,57.451045
1580083200000,8613.88,9002.45,8584.04,8914.11,103.998546
1580169600000,8921.17,9402.37,8892.43,9380.14,143.799437
1580256000000,9376.62,9445.67,9239.08,9300.85,140.356186
1580342400000,9300.42,9579.29,9205.0,9526.47,131.547022
1580428800000,9513.19,9534.33,9213.32,9352.98,76.298925
1580515200000,9363.96,9462.65,9301.63,9388.81,61.245697
1580601600000,9384.73,9487.85,9157.15,9332.83,73.733713
1580688000000,9324.9,9600.0,9241.58,9299.8,103.261331
1580774400000,9299.53,9356.66,9100.0,9195.95,72.818585
1580860800000,9192.37,9747.48,9180.27,9610.31,125.859151
1580947200000,9625.0,9859.33,9535.38,9766.99,118.594015
1581033600000,9767.0,9880.32,9730.59,9815.0,114.263799
1581120000000,9821.51,9937.31,9668.84,9903.38,123.202272
1581206400000,9903.35,10174.27,9892.42,10153.53,132.3238
1581292800000,10165.0,10193.58,9767.62,9850.16,64.643096
1581379200000,9848.03,10325.27,9718.9,10228.72,131.651073
1581465600000,10230.93,10450.0,10230.64,10348.98,100.010641
1581552000000,10318.09,10490.0,10101.26,10217.13,154.524547
1581638400000,10237.42,10376.6,10116.94,10344.17,54.421371
1581724800000,10350.58,10373.47,9800.0,9898.96,77.415116
1581811200000,9908.62,10047.63,9649.72,9928.33,79.983205
1581897600000,9916.64,9952.62,9458.42,9708.77,127.362219
1581984000000,9698.24,10249.17,9593.22,10158.14,99.603428
1582070400000,10167.94,10512.0,9400.0,9601.99,122.651752
1582156800000,9588.19,9686.42,9410.02,9608.23,59.479937
1582243200000,9587.23,9761.24,9571.64,9670.0,42.660383
1582329600000,9675.78,9702.82,9558.25,9664.01,19.105039
1582416000000,9656.4,10002.98,9656.4,9949.57,34.398361
1582502400000,9945.64,9993.8,9487.44,9657.21,72.471237
1582588800000,9665.52,9669.54,9256.66,9319.74,70.055603
1582675200000,9309.7,9372.65,8653.0,8790.39,127.025997
1582761600000,8784.22,8967.12,8531.36,8802.94,87.447145
1582848000000,8818.72,8900.32,8451.67,8694.33,113.603047
1582934400000,8698.05,8787.36,8524.44,8528.54,30.989384
1583020800000,8523.66,8746.82,8428.7,8545.65,62.480797
1583107200000,8525.48,8963.39,8502.03,8900.76,75.481934
1583193600000,8913.63,8919.44,8660.53,8758.86,99.933376
1583280000000,8765.54,8844.36,8672.76,8748.23,69.532432
1583366400000,8765.21,9152.18,8765.21,9062.79,94.383394
1583452800000,9051.95,9170.84,8993.59,9140.03,62.796637
1583539200000,9140.03,9199.13,8847.87,8886.71,77.674978
1583625600000,8885.47,8885.47,8003.84,8036.46,127.36534
1583712000000,8036.65,8175.98,7642.21,7939.79,304.948987
1583798400000,7939.82,8140.35,7736.58,7888.99,146.684987
1583884800000,7880.0,7977.46,7597.21,7926.4,114.702022
1583971200000,7950.14,7956.4,4510.0,4824.58,2078.443533
1584057600000,4814.78,5948.5,3649.04,5582.5,2402.633114
1584144000000,5583.79,5626.0,5053.25,5169.45,183.878643
1584230400000,5172.68,5943.59,5101.05,5365.04,306.334772
1584316800000,5326.48,5361.94,4426.37,5023.0,525.896332
1584403200000,5018.11,5522.61,4950.17,5320.37,307.111606
1584489600000,5337.47,5437.71,5000.05,5390.21,567.576802
1584576000000,5394.56,6397.65,5252.01,6179.03,480.699799
1584662400000,6166.81,6904.12,5685.74,6205.0,542.741617
1584748800000,6208.38,6451.84,5871.38,6165.0,349.50878
1584835200000,6148.07,6403.69,5762.84,5818.52,382.082858
1584921600000,5810.22,6586.88,5696.92,6481.71,325.910685
1585008000000,6499.47,6830.63,6387.89,6749.94,193.537502
1585094400000,6744.53,6954.56,6474.17,6695.91,179.296648
1585180800000,6700.0,6772.38,6517.01,6734.11,176.751321
1585267200000,6750.08,6836.61,6275.59,6365.87,156.399686
1585353600000,6359.77,6359.77,6032.28,6243.16,282.316189
1585440000000,6241.06,6266.95,5867.15,5876.82,245.719311
1585526400000,5895.02,6607.25,5862.32,6386.47,374.646417
1585612800000,6387.83,6516.79,6334.59,6434.43,200.191905
1585699200000,6419.08,6679.96,6152.38,6641.0,244.83346
1585785600000,6649.73,7226.02,6558.62,6826.94,569.861637
1585872000000,6786.0,7035.95,6607.95,6721.11,374.740512
1585958400000,6725.64,6996.58,6654.02,6862.65,278.684236
1586044800000,6891.57,6891.57,6674.97,6771.41,129.581436
1586131200000,6767.44,7347.0,6767.44,7332.68,271.71646
1586217600000,7325.21,7450.93,7084.68,7197.12,193.637296
1586304000000,7198.53,7419.96,7155.97,7363.77,137.537852
1586390400000,7360.5,7368.22,7108.22,7283.68,73.043289
1586476800000,7280.13,7288.54,6750.0,6857.58,94.517529
1586563200000,6864.09,6935.07,6758.95,6881.93,46.401843
1586649600000,6900.23,7175.38,6782.41,6894.29,91.2665
1586736000000,6883.46,6883.78,6564.42,6836.5,115.760435
1586822400000,6837.6,6971.0,6767.66,6857.32,63.647023
1586908800000,6865.7,6926.82,6609.01,6631.75,80.44159
1586995200000,6612.81,7201.47,6480.0,7100.0,282.056698
1587081600000,7100.0,7145.41,6990.73,7036.17,71.961671
1587168000000,7026.47,7293.89,7017.63,7248.61,75.897316
1587254400000,7256.84,7267.46,7057.69,7121.6,66.48976
1587340800000,7120.85,7215.0,6750.0,6828.56,147.097576
1587427200000,6823.57,6934.46,6761.06,6845.56,183.05607
1587513600000,6841.33,7154.79,6819.58,7124.66,84.760407
1587600000000,7130.11,7752.45,7029.33,7480.05,206.001356
1587686400000,7484.46,7658.78,7401.05,7497.34,110.173282
1587772800000,7506.54,7720.52,7437.46,7541.17,98.724925
1587859200000,7537.51,7705.38,7461.99,7694.13,88.994885
1587945600000,7695.78,7791.73,7628.24,7775.57,75.132129
1588032000000,7777.05,7782.01,7670.15,7748.5,44.404302
1588118400000,7742.68,8955.58,7713.01,8778.63,320.888147
1588204800000,8782.65,9450.76,8404.31,8630.86,384.675439
1588291200000,8628.07,9051.55,8617.99,8817.65,137.638493
1588377600000,8818.22,9014.77,8757.77,8972.68,59.469765
1588464000000,8973.85,9196.27,8718.08,8887.35,210.049083
1588550400000,8896.62,8954.26,8528.63,8868.92,198.32248
1588636800000,8878.25,9105.2,8772.22,9027.64,133.86243
1588723200000,9022.44,9396.16,8918.99,9145.93,242.577093
1588809600000,9132.52,10063.93,9010.0,9991.11,340.351689
1588896000000,10001.44,10032.58,9717.86,9810.32,138.251436
1588982400000,9805.88,9900.0,9507.03,9539.68,145.785194
1589068800000,9531.93,9569.31,8127.14,8726.3,600.65983
1589155200000,8730.15,9162.08,8200.0,8561.03,399.574609
1589241600000,8560.18,8973.14,8533.72,8810.0,153.606379
1589328000000,8808.62,9398.12,8800.91,9295.0,167.297195
1589414400000,9305.22,9936.94,9264.35,9792.25,247.695074
1589500800000,9796.68,9839.59,9142.29,9311.55,314.061281
1589587200000,9314.71,9574.09,9224.81,9387.32,136.890462
1589673600000,9384.97,9883.77,9340.55,9675.9,192.143024
1589760000000,9682.67,9953.2,9433.42,9735.91,228.596217
1589846400000,9738.69,9893.93,9476.26,9771.9,166.998021
1589932800000,9776.96,9836.6,9318.19,9520.76,186.184663
1590019200000,9506.65,9564.73,8823.84,9058.33,241.577746
1590105600000,9057.15,9260.9,8940.0,9169.41,124.68715
1590192000000,9166.81,9302.52,9091.22,9174.47,57.329497
1590278400000,9177.48,9297.7,8684.62,8716.23,189.507228
1590364800000,8714.75,8979.62,8646.82,8890.24,176.878932
1590451200000,8900.59,9013.41,8704.33,8839.14,92.653075
1590537600000,8842.15,9225.75,8820.0,9202.0,109.34668
1590624000000,9205.0,9621.93,9115.16,9578.52,134.297435
1590710400000,9579.0,9603.73,9315.99,9424.31,74.027066
1590796800000,9424.49,9739.0,9342.66,9698.33,116.297491
1590883200000,9701.31,9701.84,9398.65,9469.22,93.62073
1590969600000,9449.84,10370.58,9424.72,10195.38,204.162993
1591056000000,10200.0,10220.0,9283.85,9522.74,333.598459
1591142400000,9514.23,9685.01,9391.9,9652.01,78.968367
1591228800000,9669.5,9880.8,9455.0,9792.39,120.887073
1591315200000,9790.74,9849.29,9602.38,9628.52,110.72022
1591401600000,9613.97,9733.85,9537.9,9661.48,74.655262
1591488000000,9667.25,9818.8,9365.7,9748.82,147.422656
1591574400000,9750.29,9801.01,9633.08,9774.31,78.641054
1591660800000,9781.05,9872.56,9560.14,9772.99,140.769326
1591747200000,9764.48,9986.78,9695.99,9886.32,149.387852
1591833600000,9886.35,9958.93,9081.1,9269.7,257.614062
1591920000000,9258.29,9549.99,9242.21,9463.82,126.715209
1592006400000,9463.82,9489.97,9351.22,9465.95,39.62649
1592092800000,9462.31,9462.31,9245.04,9346.38,62.17131
1592179200000,9323.26,9495.0,8923.23,9430.51,149.844349
1592265600000,9421.95,9587.03,9377.5,9529.1,96.535418
1592352000000,9528.14,9564.15,9250.0,9463.47,87.384654
1592438400000,9463.85,9483.41,9286.73,9390.23,49.784917
1592524800000,9385.73,9438.96,9242.62,9314.01,77.608082
1592611200000,9307.95,9396.76,9167.99,9353.98,46.640534
1592697600000,9358.32,9417.09,9283.57,9294.41,42.988649
1592784000000,9291.44,9777.15,9271.84,9680.86,119.48478
1592870400000,9689.28,9716.54,9550.0,9613.86,48.806607
1592956800000,9625.71,9662.99,9211.35,9308.03,147.900737
1593043200000,9294.78,9334.94,9002.74,9254.68,111.484607
1593129600000,9249.2,9295.87,9050.0,9161.8,95.466447
1593216000000,9162.35,9195.6,8835.06,9009.86,144.180415
1593302400000,8993.25,9191.26,8943.61,9118.09,62.387264
1593388800000,9119.02,9238.72,9027.5,9182.67,61.122479
1593475200000,9198.47,9199.66,9063.2,9132.51,52.005473
1593561600000,9132.29,9289.52,9090.31,9231.97,90.950834
1593648000000,9232.35,9257.75,8948.28,9085.99,107.69768
1593734400000,9080.24,9121.51,9042.4,9058.26,38.005977
1593820800000,9056.63,9191.9,9043.13,9139.68,64.979986
1593907200000,9137.3,9141.86,8909.4,9075.83,84.816948
1593993600000,9067.38,9369.88,9056.59,9344.62,114.066302
1594080000000,9344.15,9377.18,9206.54,9258.09,52.013121
1594166400000,9262.19,9464.26,9233.38,9425.13,120.262634
1594252800000,9429.96,9432.63,9170.0,9234.39,68.515538
1594339200000,9232.87,9315.3,9125.78,9285.54,70.074404
1594425600000,9288.49,9298.97,9180.0,9233.85,28.973751
1594512000000,9230.97,9342.64,9159.78,9300.0,67.36077
1594598400000,9300.0,9342.86,9198.53,9241.03,134.614116
1594684800000,9241.88,9279.55,9107.84,9255.02,76.47142
1594771200000,9254.55,9274.12,9159.37,9201.51,56.09703
1594857600000,9196.53,9221.29,9043.3,9130.79,51.932473
1594944000000,9135.09,9181.95,9089.05,9153.08,26.467403
1595030400000,9147.68,9205.47,9122.89,9164.84,33.498036
1595116800000,9170.52,9230.85,9106.76,9210.99,33.556284
1595203200000,9215.16,9220.16,9136.12,9162.0,49.3685
1595289600000,9162.0,9431.33,9154.02,9386.46,137.426654
1595376000000,9388.52,9541.97,9285.13,9518.56,87.148336
1595462400000,9520.51,9661.18,9450.0,9608.7,95.568669
1595548800000,9601.25,9633.98,9474.37,9542.14,81.623787
1595635200000,9541.82,9729.47,9535.47,9699.66,135.852592
1595721600000,9689.94,10130.38,9652.79,9919.91,240.596076
1595808000000,9933.23,11387.17,9923.16,11025.59,1050.896514
1595894400000,11032.42,11236.42,10587.94,10912.79,528.408639
1595980800000,10908.96,11339.99,10833.19,11100.0,159.445256
1596067200000,11083.58,11168.31,10833.85,11100.77,84.020996
1596153600000,11100.76,11436.77,10963.8,11342.27,120.559704
1596240000000,11339.93,11857.49,11229.46,11807.44,181.397571
1596326400000,11795.37,12106.78,10601.02,11051.39,331.082702
1596412800000,11071.37,11474.76,10930.95,11218.62,151.111532
1596499200000,11219.18,11414.12,11017.99,11174.62,136.617914
1596585600000,11190.23,11779.04,11091.69,11749.51,169.299941
1596672000000,11748.49,11902.45,11572.96,11760.52,108.645536
1596758400000,11762.52,11904.26,11503.63,11572.13,110.611031
1596844800000,11592.57,11803.91,11527.84,11753.11,129.942061
1596931200000,11762.89,11795.97,11530.0,11667.78,82.826894
1597017600000,11681.74,12059.94,11442.01,11882.65,171.984429
1597104000000,11891.62,11934.6,11119.32,11392.15,176.360102
1597190400000,11389.33,11618.25,11146.46,11566.44,94.555925
1597276800000,11571.37,11790.01,11276.57,11764.66,128.801882
1597363200000,11787.67,11853.21,11638.15,11760.4,119.845929
1597449600000,11762.81,11976.18,11691.56,11867.17,104.310058
1597536000000,11851.89,11928.76,11692.07,11912.1,41.130538
1597622400000,11913.37,12464.2,11770.68,12271.4,202.88071
1597708800000,12285.28,12384.95,11820.0,11957.77,139.84325
1597795200000,11941.63,12001.73,11565.01,11742.87,167.012969
1597881600000,11750.08,11878.82,11678.38,11864.51,56.581385
1597968000000,11851.42,11879.76,11490.0,11528.2,114.564867
1598054400000,11514.42,11684.68,11384.2,11658.24,53.6814
1598140800000,11656.27,11706.78,11515.35,11649.35,27.752399
1598227200000,11649.27,11827.84,11385.16,11759.18,191.348515
1598313600000,11744.45,11761.99,11125.0,11329.12,105.545491
1598400000000,11317.73,11536.32,11255.11,11466.43,55.228375
1598486400000,11460.4,11588.68,11125.66,11320.03,121.947578
1598572800000,11329.22,11539.86,11275.76,11527.41,59.705649
1598659200000,11527.41,11573.28,11420.47,11481.9,42.574429
1598745600000,11467.58,11710.0,11467.58,11692.8,41.284754
1598832000000,11714.43,11773.44,11575.0,11655.0,60.363601
1598918400000,11648.13,12048.89,11532.85,11915.67,83.807537
1599004800000,11913.71,11947.02,11161.84,11385.77,170.701557
1599091200000,11382.69,11455.74,9976.71,10158.14,318.497458
1599177600000,10149.12,10618.52,9907.49,10459.2,250.945714
1599264000000,10443.53,10560.98,9826.51,10147.46,333.873799
1599350400000,10170.2,10335.04,10002.52,10250.85,85.717951
1599436800000,10249.99,10403.75,9875.32,10356.73,160.5332
1599523200000,10386.73,10438.09,9844.19,10120.33,266.811627
1599609600000,10126.18,10348.12,9981.24,10214.95,64.174465
1599696000000,10212.98,10475.88,10212.98,10338.7,85.8209
1599782400000,10335.36,10398.01,10201.72,10389.64,46.121523
1599868800000,10396.34,10478.71,10274.92,10440.68,48.727279
1599955200000,10447.72,10576.06,10215.95,10316.74,80.157771
1600041600000,10324.08,10754.08,10247.48,10656.2,93.321583
1600128000000,10674.48,10926.64,10617.66,10765.22,87.000065
1600214400000,10779.76,11089.47,10667.62,10948.61,68.511269
1600300800000,10951.48,11044.24,10748.77,10941.2,89.084524
1600387200000,10942.84,11036.46,10814.42,10934.34,60.137806
1600473600000,10933.91,11181.99,10894.54,11079.87,55.339778
1600560000000,11066.01,11075.73,10763.18,10913.29,71.554164
1600646400000,10923.84,10987.0,10298.1,10430.45,91.00968
1600732800000,10419.57,10573.23,10361.39,10520.66,48.576996
1600819200000,10529.4,10533.36,10145.54,10231.48,117.267695
1600905600000,10242.56,10789.58,10209.09,10732.42,88.732532
1600992000000,10736.88,10761.38,10525.5,10680.3,93.693196
1601078400000,10686.29,10814.86,10650.24,10728.21,45.319597
1601164800000,10738.3,10799.34,10596.51,10769.13,37.35364
1601251200000,10782.36,10940.96,10644.91,10700.46,116.440201
1601337600000,10690.79,10867.58,10636.31,10841.38,52.665951
1601424000000,10845.75,10851.53,10664.15,10772.67,38.973629
1601510400000,10782.79,10912.76,10456.66,10621.97,144.012703
1601596800000,10595.89,10660.0,10379.18,10570.64,114.649594
1601683200000,10570.48,10599.24,10497.13,10539.04,23.280934
1601769600000,10532.08,10699.07,10523.1,10666.54,37.834739
1601856000000,10661.45,10786.07,10619.54,10783.0,56.935442
1601942400000,10796.67,10796.67,10528.95,10598.86,77.009374
1602028800000,10599.05,10676.29,10548.27,10667.21,35.546306
1602115200000,10667.45,10943.29,10541.0,10926.78,94.8116
1602201600000,10928.95,11100.0,10831.05,11057.75,95.004261
1602288000000,11060.37,11475.47,11057.74,11296.19,140.199952
1602374400000,11306.83,11436.8,11275.24,11377.21,74.397888
1602460800000,11369.31,11719.0,11167.04,11534.76,134.332044
1602547200000,11540.74,11553.07,11312.4,11424.77,138.964645
1602633600000,11422.09,11537.37,11287.37,11421.15,75.071559
1602720000000,11422.59,11608.99,11257.86,11489.69,107.741197
1602806400000,11501.56,11539.27,11206.51,11315.48,95.416234
1602892800000,11317.69,11404.41,11256.67,11358.66,35.236774
1602979200000,11360.85,11503.2,11349.42,11500.57,65.917617
1603065600000,11504.77,11815.88,11410.0,11739.23,131.840508
1603152000000,11753.05,12033.02,11685.0,11916.7,166.701005
1603238400000,11916.19,13211.49,10150.0,12785.0,444.383901
1603324800000,12785.0,13180.8,12695.95,12983.94,208.686311
1603411200000,12974.31,13021.75,12730.13,12929.34,99.930428
1603497600000,12934.27,13163.6,12879.02,13106.87,83.046723
1603584000000,13106.95,13344.21,12893.93,13025.11,140.651331
1603670400000,13032.8,13229.63,12772.58,13062.42,128.888493
1603756800000,13054.78,13786.29,13047.35,13634.68,164.746622
1603843200000,13634.29,13853.49,12904.63,13281.6,167.828912
1603929600000,13267.84,13641.89,12980.0,13441.16,149.862522
1604016000000,13453.21,13664.48,13120.56,13559.91,166.81886
1604102400000,13560.0,14091.73,13425.16,13799.01,146.758494
1604188800000,13779.65,13886.42,13629.62,13749.69,49.02653
1604275200000,13758.45,13826.8,13201.67,13572.31,150.251675
1604361600000,13563.01,14067.12,13300.0,14013.83,133.245653
1604448000000,14018.0,14247.19,13540.77,14141.89,198.083696
1604534400000,14147.64,15754.48,14097.27,15589.43,257.667349
1604620800000,15585.47,15966.08,15182.77,15569.24,261.716315
1604707200000,15569.4,15755.88,14366.05,14817.32,322.715463
1604793600000,14806.61,15653.9,14706.58,15479.82,139.915455
1604880000000,15512.86,15839.35,14816.86,15323.85,248.022834
1604966400000,15331.79,15453.12,15079.11,15296.25,95.258671
1605052800000,15299.1,15961.88,15280.6,15695.0,133.311825
1605139200000,15704.1,16337.86,15456.66,16284.38,246.024222
1605225600000,16312.14,16467.19,15949.83,16324.84,128.256208
1605312000000,16288.11,16294.17,15714.28,16060.48,92.197255
1605398400000,16072.67,16159.59,15779.45,15948.47,35.504029
1605484800000,15937.16,16883.95,15873.74,16702.53,141.915282
1605571200000,16709.18,17851.64,16552.05,17664.52,282.074364
1605657600000,17654.86,18465.87,17231.66,17776.29,462.331759
1605744000000,17806.97,18175.37,17348.97,17811.0,139.761269
1605830400000,17802.91,18808.03,17752.87,18648.05,209.556679
1605916800000,18664.75,18961.89,18332.83,18690.39,173.283192
1606003200000,18672.48,18746.93,17621.63,18431.25,220.48253
1606089600000,18410.28,18761.43,18014.81,18368.93,193.948248
1606176000000,18362.98,19416.29,18016.39,19157.11,268.147246
1606262400000,19159.52,19486.66,18500.0,18732.46,221.091607
1606348800000,18718.36,18912.1,16217.12,17157.0,805.080083
1606435200000,17164.49,17450.0,16453.41,17137.21,238.306009
1606521600000,17139.08,17874.66,16867.66,17727.7,150.734238
1606608000000,17722.16,18337.11,17525.71,18170.19,130.316145
1606694400000,18183.08,19866.14,18183.08,19695.93,486.304343
1606780800000,19698.3,19884.88,18087.28,18777.93,619.201227
1606867200000,18765.52,19336.66,18332.52,19200.94,355.506234
1606953600000,19197.51,19602.43,18873.45,19421.34,206.958027
1607040000000,19406.98,19525.05,18577.93,18659.04,367.680353
1607126400000,18645.45,19176.51,18500.0,19148.7,98.698618
1607212800000,19137.36,19420.81,18864.86,19371.19,114.295754
1607299200000,19381.11,19428.25,18905.46,19185.21,118.610672
1607385600000,19186.32,19294.07,18188.89,18325.63,263.835347
1607472000000,18321.22,18644.19,17653.54,18546.39,387.659275
1607558400000,18545.62,18550.94,17930.0,18246.54,229.066809
1607644800000,18251.96,18294.08,17566.6,18027.76,369.010743
1607731200000,18032.18,18946.6,18023.06,18811.26,176.851898
1607817600000,18808.78,19420.37,18711.27,19175.96,193.794492
1607904000000,19170.85,19343.45,19007.14,19273.23,203.652912
1607990400000,19279.38,19567.68,19056.5,19428.77,367.574565
1608076800000,19434.32,21537.3,19284.48,21350.8,691.82997
1608163200000,21341.2,23801.6,21235.72,22812.74,913.689501
1608249600000,22814.55,23284.91,22351.06,23107.85,307.900695
1608336000000,23114.04,24172.13,22761.33,23827.87,337.209001
1608422400000,23817.99,24292.51,23081.64,23476.66,341.499371
1608508800000,23460.94,24112.35,21959.66,22739.6,378.437064
1608595200000,22731.75,23830.29,22381.0,23824.13,297.046971
1608681600000,23816.25,24105.18,22600.0,23223.32,384.221958
1608768000000,23227.24,23795.75,22710.57,23725.66,289.284576
1608854400000,23733.42,24781.0,23433.62,24698.7,345.775419
1608940800000,24713.78,26855.06,24489.33,26472.63,336.38024
1609027200000,26507.22,28419.58,25820.0,26281.85,651.828424
1609113600000,26280.53,27496.94,26099.46,27084.18,330.105349
1609200000000,27090.86,27404.86,25898.79,27359.58,281.974164
1609286400000,27385.02,28993.55,27385.02,28873.33,473.383663
1609372800000,28879.64,29313.26,27901.0,28905.32,438.695879
1609459200000,28933.86,29611.51,28649.46,29305.29,298.357085
1609545600000,29321.41,33271.38,28955.02,32162.01,667.482338
1609632000000,32174.75,34776.59,31942.96,33031.74,701.951087
1609718400000,33034.55,33593.47,27500.0,32005.27,987.279894
1609804800000,31996.54,34392.59,29937.69,33946.09,765.314265
1609891200000,33939.15,36935.58,33319.67,36756.07,864.714279
1609977600000,36761.31,40358.96,35813.86,39444.65,770.127274
1610064000000,39437.66,41958.85,36589.0,40597.2,967.349503
1610150400000,40574.89,41371.87,38739.22,40090.54,484.910296
1610236800000,40092.11,41330.71,35200.0,38182.97,740.145562
1610323200000,38166.79,38288.44,30471.78,35438.75,1870.951319
1610409600000,35438.75,36600.1,32600.0,34041.15,919.597427
1610496000000,34044.28,37805.88,32403.05,37351.77,843.629073
1610582400000,37329.13,40100.54,36766.07,39175.88,407.515497
1610668800000,39138.66,39723.34,34444.39,36732.12,554.127909
1610755200000,36734.73,37948.26,35350.0,35982.21,385.981721
1610841600000,35982.2,36842.5,33859.11,35826.78,308.508956
1610928000000,35841.98,37469.87,34787.46,36627.61,329.067462
1611014400000,36624.79,37848.91,35874.74,35926.59,340.565257
1611100800000,35867.39,36398.16,33351.36,35484.17,525.9541
1611187200000,35464.08,35604.47,30191.0,30748.54,895.465664
1611273600000,30873.21,33827.83,29000.0,33045.55,870.318427
1611360000000,32941.38,33451.56,31400.0,32110.3,210.849721
1611446400000,32064.71,33073.47,30895.25,32276.8,181.797634
1611532800000,32276.46,34860.0,31937.89,32222.22,275.094619
1611619200000,32218.2,32920.0,30831.41,32457.97,247.095624
1611705600000,32493.78,32555.7,29250.0,30356.27,301.390318
1611792000000,30351.17,33780.5,29858.1,33311.17,286.030946
1611878400000,33372.95,38539.39,31929.72,34242.42,987.916825
1611964800000,34282.21,34929.32,32835.91,34240.95,310.242049
1612051200000,34240.99,34334.27,32166.67,33071.34,190.641978
1612137600000,33097.72,34700.0,32287.34,33545.56,215.258484
1612224000000,33491.57,35976.92,33440.11,35505.83,251.941418
1612310400000,35477.64,37652.5,35381.06,37633.27,499.415853
1612396800000,37601.48,38696.53,36181.63,36961.45,794.377078
1612483200000,36935.44,38344.42,36570.91,38306.68,400.513652
1612569600000,38306.68,40958.13,38209.7,39220.16,271.93314
1612656000000,39177.37,39680.56,37360.12,38789.4,365.480765
1612742400000,38796.29,46788.25,38009.78,46386.93,589.688918
1612828800000,46410.03,48123.7,45014.73,46468.4,557.381568
1612915200000,46468.4,47300.0,43700.0,44871.28,477.334904
1613001600000,44871.28,48710.45,43984.89,47961.49,334.624128
1613088000000,47977.55,48986.88,46157.73,47326.29,374.047168
1613174400000,47319.46,48128.28,46233.27,47110.11,292.697171
1613260800000,47138.7,49691.04,47011.23,48589.46,182.839344
1613347200000,48580.94,48983.98,45610.03,47907.41,434.841096
1613433600000,47922.97,50684.84,47037.04,49132.87,449.066676
1613520000000,49167.87,52615.33,48964.28,52039.76,407.383666
1613606400000,52118.97,52520.18,50914.9,51614.67,336.431209
1613692800000,51578.71,56335.12,50738.02,55876.0,327.562147
1613779200000,55929.59,57567.0,53865.08,55858.83,300.738538
1613865600000,55853.06,58361.09,55462.71,57425.47,227.730144
1613952000000,57416.19,57509.4,47913.84,54152.15,567.683143
1614038400000,54118.63,54179.23,44928.36,48903.91,866.735606
1614124800000,48913.96,51356.82,46953.92,49682.98,358.706564
1614211200000,49679.78,52001.06,46708.76,47075.19,333.527721
1614297600000,47013.45,48435.78,44111.32,46314.74,457.138462
1614384000000,46303.21,48375.0,45013.6,46113.12,229.097458
1614470400000,46107.36,46613.27,43000.0,45161.6,372.158691
1614556800000,45161.2,49783.33,44950.13,49617.18,370.249921
1614643200000,49566.16,50204.7,47065.54,48456.72,228.987524
1614729600000,48389.21,52631.64,48148.14,50352.9,255.807299
1614816000000,50377.73,51780.29,47500.0,48373.02,364.099317
1614902400000,48331.2,49430.45,46329.97,48747.32,405.35635
1614988800000,48773.57,49210.46,47055.76,48905.34,274.470343
1615075200000,48893.35,51447.81,48893.35,50960.87,202.240914
1615161600000,50996.74,52395.78,49285.46,52335.07,278.010895
1615248000000,52400.0,54890.0,51847.85,54857.46,312.015916
1615334400000,54889.99,57407.64,52782.18,55955.34,565.980917
1615420800000,55909.78,58129.0,54294.59,57756.57,301.297684
1615507200000,57761.45,58091.65,55052.66,57232.78,392.058973
1615593600000,57178.52,61822.09,56100.0,61173.44,238.846735
1615680000000,61203.75,61697.85,58963.2,58963.2,173.469374
1615766400000,58962.85,60611.01,54583.37,55552.06,467.143221
1615852800000,55565.82,56946.89,53280.97,56946.89,377.453865
1615939200000,56928.63,58974.35,54142.98,58781.2,310.686163
1616025600000,58975.98,60122.56,57024.0,57678.64,250.292898
1616112000000,57623.45,59459.94,56274.68,58143.3,256.335715
1616198400000,58040.59,59876.34,57832.25,58075.12,160.725485
1616284800000,58060.15,58571.99,55459.19,57330.95,174.825296
1616371200000,57392.09,58426.53,53701.96,54076.17,206.56348
1616457600000,54066.67,55829.74,53000.07,54387.68,225.545178
1616544000000,54303.69,57184.47,51000.0,52307.69,323.138914
1616630400000,52294.13,53228.87,50444.23,51304.0,316.578315
1616716800000,51311.64,55091.44,51283.54,55028.38,240.605987
1616803200000,55028.36,56632.08,53944.2,55839.0,194.577652
1616889600000,55823.71,56541.9,54687.88,55773.8,140.569613
1616976000000,55809.0,58401.15,54914.74,57611.51,212.479431
1617062400000,57677.07,59359.65,57076.67,58747.49,143.911921
1617148800000,58717.24,59787.24,56857.7,58773.06,261.078594
1617235200000,58747.08,59487.01,57943.49,58723.68,225.885576
1617321600000,58735.38,60171.61,58444.89,58980.0,278.604685
1617408000000,58958.71,59780.83,56897.85,57054.29,279.639129
1617494400000,57061.2,58482.2,56442.0,58179.83,244.953418
1617580800000,58236.24,59259.78,56801.82,59110.55,194.500456
1617667200000,59131.13,59500.0,57401.96,57995.35,372.22847
1617753600000,57995.35,58643.67,55470.1,55921.81,618.893009
1617840000000,55940.45,58144.15,55690.9,58070.47,239.497105
1617926400000,58081.86,58886.76,57660.43,58114.3,223.299192
1618012800000,58148.26,61353.31,57892.24,59776.67,460.593003
1618099200000,59779.45,60693.74,59231.65,60001.4,400.123347
1618185600000,60002.61,61259.43,59428.57,59870.0,341.193748
1618272000000,59870.0,63749.42,59826.57,63555.57,479.892121
1618358400000,63607.7,64853.59,61321.56,62940.36,738.306728
1618444800000,63019.42,63767.34,62038.65,63161.09,288.18601
1618531200000,63193.73,63510.88,60006.79,61345.0,698.337589
1618617600000,61345.0,62500.0,59608.3,60000.96,355.803604
1618704000000,60010.75,60366.84,51000.74,56155.11,1810.623187
1618790400000,56152.95,57513.51,54242.56,55607.18,761.96758
1618876800000,55623.02,57084.74,53353.6,56430.65,923.594545
1618963200000,56430.65,56756.47,53626.3,53788.72,636.905988
1619049600000,53806.36,55463.66,50481.03,51694.18,1169.265697
1619136000000,51692.95,52119.17,47509.6,51121.61,963.76669
1619222400000,51125.96,51186.03,48675.17,50042.37,455.961209
1619308800000,50082.49,50571.42,46957.72,49063.82,776.05531
1619395200000,49082.7,54333.33,48777.77,54019.14,867.406534
1619481600000,53991.9,55447.05,53248.44,55008.96,628.331125
1619568000000,55012.03,56427.44,53813.23,54831.52,576.4614
1619654400000,54871.95,55190.72,52328.22,53557.33,420.210864
1619740800000,53557.85,57915.1,53051.59,57707.15,599.026329
1619827200000,57698.27,58467.76,57003.72,57780.38,382.413561
1619913600000,57800.0,57913.32,56057.84,56577.85,374.101697
1620000000000,56577.85,58964.91,56463.54,57162.07,507.009012
1620086400000,57162.08,57189.19,53084.81,53206.25,853.466002
1620172800000,53196.41,57988.13,52914.2,57430.25,818.784275
1620259200000,57439.07,58358.14,55267.08,56404.09,633.36826
1620345600000,56410.73,58657.56,55219.66,57328.39,625.311178
1620432000000,57303.44,59615.9,56933.24,58861.73,548.632419
1620518400000,58881.25,59223.28,56266.44,58235.83,535.560584
1620604800000,58253.12,59516.44,53588.23,55815.35,916.84421
1620691200000,55795.74,56886.54,54484.15,56674.93,503.489901
1620777600000,56679.21,57995.75,48645.6,49734.81,852.650386
1620864000000,49666.15,51367.91,45825.78,49669.51,1946.043354
1620950400000,49651.56,51470.82,48830.57,49850.56,519.566248
1621036800000,49856.09,50689.76,46561.24,46764.44,520.721006
1621123200000,46764.43,49785.42,43879.82,46431.1,1076.519614
1621209600000,46413.31,46612.88,42113.36,43547.02,1342.450469
1621296000000,43584.18,45783.51,42252.71,42848.25,835.253153
1621382400000,42858.47,43586.43,30116.81,36653.5,3229.080039
1621468800000,36672.13,42415.23,34933.59,40517.63,2607.465859
1621555200000,40502.48,42201.52,33500.0,37269.42,2874.142127
1621641600000,37199.43,38831.23,35215.38,37459.95,1835.644948
1621728000000,37457.21,38272.17,31109.0,34646.69,2893.844956
1621814400000,34668.82,39916.7,34383.3,38800.0,1350.74981
1621900800000,38800.0,39802.98,36445.8,38346.31,1254.662927
1621987200000,38330.47,40834.13,37807.82,39229.25,1129.246372
1622073600000,39220.87,40397.39,37138.13,38517.1,1117.809695
1622160000000,38531.8,38868.51,34703.49,35648.81,1922.337302
1622246400000,35666.61,37306.11,33629.63,34598.17,2000.245242
1622332800000,34605.72,36497.16,33390.67,35644.74,804.187816
1622419200000,35623.36,37492.93,34159.81,37278.91,929.837321
1622505600000,37260.86,37907.9,35673.63,36661.22,863.296474
1622592000000,36699.03,38226.44,35937.84,37579.07,511.252851
1622678400000,37553.86,39467.3,37159.14,39235.62,501.372308
1622764800000,39249.74,39291.0,35580.6,36849.63,761.906576
1622851200000,36827.12,37909.11,34813.63,35520.64,692.967896
1622937600000,35520.63,36466.16,35229.93,35800.33,450.638409
1623024000000,35786.7,36796.64,33293.73,33574.51,736.999312
1623110400000,33551.19,34062.08,31007.99,33375.75,1135.773614
1623196800000,33384.21,37529.42,32400.0,37387.12,1254.513945
1623283200000,37398.73,38429.32,35793.04,36656.06,985.865997
1623369600000,36730.0,37667.81,35954.63,37336.65,765.615706
1623456000000,37348.27,37454.93,34600.83,35528.99,652.202114
1623542400000,35528.99,39362.54,34772.02,39017.71,780.296094
1623628800000,39032.5,41045.45,38739.09,40522.72,849.361417
1623715200000,40528.17,41356.9,39536.75,40154.51,610.275926
1623801600000,40134.0,40522.07,38119.12,38351.86,675.958044
1623888000000,38330.04,39542.38,37378.93,38094.04,764.534361
1623974400000,38063.65,38195.67,31000.0,35824.6,1084.997908
1624060800000,35814.46,36452.48,34830.14,35493.08,874.417075
1624147200000,35484.89,36132.13,33342.36,35593.24,1259.84697
1624233600000,35608.32,35742.84,31254.29,31616.31,3321.749211
1624320000000,31614.45,33295.8,28812.78,32496.39,2127.805597
1624406400000,32509.3,34838.8,31670.94,33664.27,1836.143088
1624492800000,33675.5,35279.2,32313.37,34653.19,1034.194571
1624579200000,34711.06,35499.14,31270.83,31592.52,1289.67848
1624665600000,31578.88,32711.25,30161.2,32271.79,1662.163429
1624752000000,32294.65,34748.64,32000.19,34692.49,1102.643534
1624838400000,34709.02,35285.42,33884.84,34487.91,731.538894
1624924800000,34487.57,36605.26,34235.93,35922.17,656.54945
1625011200000,35894.9,36088.87,34013.34,35036.58,558.669277
1625097600000,35048.78,35048.78,32720.03,33506.98,786.487139
1625184000000,33502.26,33971.12,32698.4,33796.99,654.513379
1625270400000,33831.62,34943.45,33322.38,34680.62,329.473886
1625356800000,34648.23,35955.94,34374.99,35280.51,290.759907
1625443200000,35271.85,35271.85,33138.52,33704.45,452.172232
1625529600000,33693.05,35098.77,33532.93,34217.95,419.553226
1625616000000,34178.7,35050.0,33789.71,33856.82,248.928842
1625702400000,33849.49,33910.81,32082.19,32865.32,409.384321
1625788800000,32825.9,34098.94,32269.96,33800.0,219.250004
1625875200000,33809.13,34259.02,33037.11,33521.39,144.937288
1625961600000,33507.55,34608.53,33315.62,34219.66,114.949624
1626048000000,34257.39,34672.14,32660.9,33095.72,222.171472
1626134400000,33080.47,33333.33,32212.0,32735.35,229.918775
1626220800000,32720.31,33101.8,31592.44,32833.28,315.796934
1626307200000,32804.36,33190.35,31146.74,31880.94,268.997992
1626393600000,31868.53,32246.13,31032.34,31384.87,241.814452
1626480000000,31373.98,31962.49,31173.03,31496.21,154.382012
1626566400000,31485.79,32440.18,31111.12,31772.22,148.102181
1626652800000,31796.51,31893.64,30418.08,30807.0,221.956478
1626739200000,30836.68,31058.04,29285.64,29793.14,311.156764
1626825600000,29817.41,32827.16,29485.51,32137.9,508.029604
1626912000000,32136.1,32585.53,31717.4,32288.45,210.069007
1626998400000,32309.79,33629.45,31988.51,33617.19,253.381513
1627084800000,33631.54,34487.56,33406.18,34256.95,206.847126
1627171200000,34257.61,35400.0,33859.48,35376.42,182.421594
1627257600000,35400.17,40552.97,35228.72,37238.35,1520.271596
1627344000000,37228.04,39539.28,36388.38,39451.15,1240.66946
1627430400000,39478.73,40904.2,38801.68,40004.07,1508.581574
1627516800000,40015.28,40638.33,39246.14,40024.95,690.60712
1627603200000,40036.67,42304.59,38319.41,42184.71,880.797299
1627689600000,42202.67,42406.06,41042.3,41467.43,613.804641
1627776000000,41454.28,42572.97,39435.07,39867.61,726.429297
1627862400000,39854.9,40448.59,38690.0,39134.75,720.230539
1627948800000,39131.81,39772.59,37624.27,38207.64,854.945391
1628035200000,38187.16,39960.18,37502.81,39717.83,910.347618
1628121600000,39734.44,41351.73,37324.64,40850.68,949.729226
1628208000000,40879.64,43357.2,39871.81,42778.58,1078.789467
1628294400000,42840.78,44703.76,42466.76,44569.13,739.671574
1628380800000,44591.85,45323.78,43267.87,43800.1,897.223522
1628467200000,43787.81,46450.0,42792.26,46259.86,898.425457
1628553600000,46266.87,46729.77,44646.75,45607.09,536.456836
1628640000000,45571.98,46756.6,45337.43,45514.26,572.938043
1628726400000,45514.26,46225.03,43774.29,44413.58,802.047075
1628812800000,44417.93,47887.04,44232.45,47810.29,571.206019
1628899200000,47808.98,48142.35,46007.85,47057.95,525.211238
1628985600000,47088.11,47369.86,45498.97,47026.59,444.754706
1629072000000,46968.06,48042.76,45666.66,45910.68,601.57376
1629158400000,45892.51,47165.41,44387.37,44684.76,560.283212
1629244800000,44687.23,46015.73,44210.52,44712.79,553.942528
1629331200000,44719.39,47037.31,43946.05,46766.09,571.692102
1629417600000,46773.08,49398.55,46654.37,49330.28,530.624469
1629504000000,49326.73,49786.94,48250.0,48828.44,423.011787
1629590400000,48811.93,49491.21,48053.85,49237.98,334.488609
1629676800000,49256.32,50519.73,49033.55,49511.25,347.963542
1629763200000,49471.73,49855.83,47600.74,47687.62,408.902002
1629849600000,47691.39,49249.38,47124.15,48992.13,317.386566
1629936000000,48981.39,49352.48,46289.31,46832.32,493.754659
1630022400000,46853.72,49145.45,46346.8,49065.69,342.391413
1630108800000,49058.85,49294.85,48351.66,48893.12,196.051516
1630195200000,48904.82,49625.73,47766.64,48766.23,286.036849
1630281600000,48766.23,48864.24,46860.25,46973.36,330.597106
1630368000000,46971.17,48244.76,46700.0,47104.02,286.739779
1630454400000,47094.77,49154.87,46523.64,48824.52,310.557194
1630540800000,48824.63,50368.39,48599.52,49262.09,350.822048
1630627200000,49261.75,51036.51,48344.77,50006.77,526.533146
1630713600000,49993.48,50527.47,49374.49,49924.04,214.21538
1630800000000,49938.74,51884.48,49461.18,51766.08,223.970273
1630886400000,51771.94,52777.26,51000.0,52670.46,306.111485
1630972800000,52655.13,52921.17,42842.06,46854.08,1137.487028
1631059200000,46852.57,47332.92,44404.0,46076.92,848.989813
1631145600000,46063.39,47399.7,45523.81,46376.72,487.663798
1631232000000,46370.43,47046.55,44129.41,44855.96,465.792272
1631318400000,44838.69,45988.21,44722.75,45148.04,247.914549
1631404800000,45162.55,46482.91,44747.08,46027.77,225.996135
1631491200000,46032.51,46868.0,43400.01,44966.38,769.224898
1631577600000,44953.61,47253.93,44646.41,47115.67,401.86439
1631664000000,47088.05,48449.82,46693.49,48122.51,242.342119
1631750400000,48132.64,48483.87,47019.16,47778.21,235.202393
1631836800000,47761.34,48149.99,46750.0,47297.06,321.851847
1631923200000,47297.06,48822.96,47043.47,48298.24,309.632992
1632009600000,48280.26,48358.1,46841.36,47253.0,317.519974
1632096000000,47260.38,47335.39,42477.34,43024.3,1333.091361
1632182400000,43017.59,43628.08,39601.76,40711.34,670.608756
1632268800000,40742.78,44044.97,40573.44,43569.32,308.481947
1632355200000,43545.89,44970.0,43081.39,44873.52,492.04772
1632441600000,44856.8,45166.9,40701.68,42825.93,495.596922
1632528000000,42816.59,42971.84,41660.34,42691.47,428.330488
1632614400000,42674.74,43947.66,40753.56,43157.31,299.6972
1632700800000,43138.88,44357.56,42101.09,42163.05,207.507216
1632787200000,42135.62,42761.9,40878.18,41027.56,212.982702
1632873600000,41027.56,42600.0,40753.27,41540.88,159.839779
1632960000000,41540.87,44107.61,41413.79,43814.04,230.712581
1633046400000,43825.91,48454.35,43296.61,48141.86,434.783915
1633132800000,48141.86,48329.32,47432.44,47673.42,92.462526
1633219200000,47652.54,49213.41,47085.02,48193.6,140.454943
1633305600000,48188.92,49490.82,46902.4,49209.86,231.397469
1633392000000,49209.98,51887.58,49048.35,51472.55,242.549091
1633478400000,51453.36,55763.34,50399.09,55314.08,578.993271
1633564800000,55326.96,55335.86,53372.79,53759.47,319.263736
1633651200000,53786.77,56108.63,53626.09,53931.59,202.765858
1633737600000,53974.27,55469.69,53673.33,54909.73,94.383476
1633824000000,54929.4,56517.37,54106.64,54632.2,159.560014
1633910400000,54650.0,57828.75,54425.55,57472.39,196.150945
1633996800000,57452.25,57667.6,53918.36,56008.43,304.384578
1634083200000,55994.38,57767.57,54243.01,57381.02,330.799268
1634169600000,57374.38,58522.72,56838.93,57323.25,257.861185
1634256000000,57335.18,62921.75,56868.66,61692.71,568.478276
1634342400000,61705.9,62355.71,60152.52,60875.66,193.45106
1634428800000,60882.41,61765.36,58950.0,61522.79,264.328583
1634515200000,61558.1,62697.12,59887.66,62069.63,363.712873
1634601600000,62035.82,64470.07,61361.15,64287.6,535.998815
1634688000000,64300.48,67018.63,63511.28,66010.31,368.213992
1634774400000,65991.72,66642.09,62003.91,62202.64,527.213957
1634860800000,62202.64,63718.37,60022.06,60701.38,355.27964
1634947200000,60666.1,61729.12,59602.68,61291.02,146.715675
1635033600000,61312.35,61456.99,59525.69,60869.33,190.081443
1635120000000,60886.74,63723.55,60644.15,63079.59,182.497893
1635206400000,63099.08,63287.36,59852.95,60312.97,216.903533
1635292800000,60301.41,61475.81,58035.54,58409.03,408.39149
1635379200000,58435.87,62459.33,57802.53,60596.98,626.118139
1635465600000,60564.1,62955.51,60188.25,62252.25,396.651846
1635552000000,62275.71,62355.63,60732.29,61870.93,231.412042
1635638400000,61882.1,62389.28,59967.91,61311.4,262.520374
1635724800000,61336.41,62428.57,59430.32,60913.6,353.261199
1635811200000,60891.41,64266.13,60650.37,63180.46,301.599019
1635897600000,63224.11,63514.5,60069.42,62896.54,399.915045
1635984000000,62912.21,63115.47,60678.25,61424.36,322.759893
1636070400000,61383.49,62584.47,60727.49,60975.0,233.404191
1636156800000,60924.14,61550.72,60068.81,61465.74,167.22456
1636243200000,61465.74,63282.63,61317.02,63266.35,196.214406
1636329600000,63266.35,67773.37,63266.35,67530.41,415.196129
1636416000000,67548.75,68534.87,66230.0,66902.74,324.379486
1636502400000,66956.22,69011.86,62876.09,64922.02,572.386663
1636588800000,64839.59,65595.87,64112.24,64781.2,263.199936
1636675200000,64781.2,65455.1,62254.23,64163.06,320.149399
1636761600000,64120.23,64961.44,63382.24,64374.97,105.074003
1636848000000,64412.42,65512.38,63588.82,65512.38,173.664208
1636934400000,65504.62,66323.84,63414.52,63601.17,205.837938
1637020800000,63611.74,63611.74,58562.5,60082.69,663.185431
1637107200000,60056.9,60815.33,58383.53,60359.33,285.343089
1637193600000,60356.32,60968.31,56459.84,56893.67,558.469064
1637280000000,56878.24,58325.33,55589.06,58055.9,304.339564
1637366400000,58083.08,59840.82,57373.63,59691.07,182.640552
1637452800000,59699.3,60015.0,58511.38,58636.83,155.736444
1637539200000,58612.01,59419.76,55610.03,56270.12,454.657021
1637625600000,56233.11,57850.46,55373.29,57557.38,506.736364
1637712000000,57562.46,57722.85,55882.76,57181.79,318.365728
1637798400000,57146.09,59386.73,57002.23,58920.0,310.981716
1637884800000,58990.0,59177.7,53484.35,53738.41,551.084731
1637971200000,53720.4,55272.05,53623.82,54781.48,118.654099
1638057600000,54607.42,57427.05,53293.11,57315.18,202.788018
1638144000000,57318.34,58850.29,56676.38,57785.64,218.608689
1638230400000,57774.66,59169.19,55873.06,56938.26,364.147211
1638316800000,56975.25,59037.85,56468.39,57211.7,241.850967
1638403200000,57178.62,57368.02,55789.75,56520.76,167.960101
1638489600000,56544.33,57601.83,51694.02,53624.36,342.88023
1638576000000,53647.22,53854.41,41582.75,49181.98,1029.99014
1638662400000,49189.69,49681.1,47760.62,49391.47,225.157464
1638748800000,49393.93,50901.02,47146.36,50479.63,340.80653
1638835200000,50455.88,51923.92,50028.51,50571.59,186.483445
1638921600000,50591.23,51182.86,48612.97,50434.23,177.887907
1639008000000,50500.12,50790.76,47319.19,47597.02,193.241055
1639094400000,47660.32,50094.97,46879.9,47155.25,269.083313
1639180800000,47136.61,49473.68,46754.34,49381.58,137.503939
1639267200000,49401.13,50769.99,48651.42,50065.68,180.681341
1639353600000,50049.14,50176.72,45733.1,46742.7,358.027503
1639440000000,46649.95,48658.32,46290.46,48348.14,187.918934
1639526400000,48348.14,49475.15,46554.14,48856.83,356.123007
1639612800000,48860.61,49421.34,47508.64,47645.98,144.114739
1639699200000,47589.97,47981.39,45471.15,46198.74,176.837447
1639785600000,46127.67,47338.53,45517.26,46833.79,74.661085
1639872000000,46806.02,48296.15,46419.83,46687.36,98.544189
1639958400000,46670.19,47528.65,45566.09,46895.53,116.857343
1640044800000,46925.88,49296.54,46666.66,48860.67,157.793341
1640131200000,48917.45,49556.78,48447.73,48583.5,101.194079
1640217600000,48626.93,51378.06,48020.2,50789.62,146.365645
1640304000000,50840.26,51818.46,50424.24,50801.29,90.465869
1640390400000,50836.15,51140.54,50131.56,50418.07,55.915901
1640476800000,50390.05,51300.0,49433.78,50752.76,85.915949
1640563200000,50771.09,52082.54,50458.74,50662.87,107.132944
1640649600000,50708.38,50708.38,47315.88,47533.28,183.875966
1640736000000,47570.65,48138.91,46099.81,46436.79,134.338882
1640822400000,46475.35,47895.8,45942.1,47135.98,123.647337
1640908800000,47105.87,48559.05,45669.33,46213.76,158.73882
1640995200000,46192.43,47939.39,46192.43,47737.6,108.92603
1641081600000,47716.44,47975.79,46675.97,47339.15,86.077014
1641168000000,47300.67,47573.7,45688.53,46438.64,134.352863
1641254400000,46494.93,47535.3,45518.0,45849.98,98.406846
1641340800000,45838.76,47056.53,42504.51,43438.22,282.935453
1641427200000,43438.22,43769.41,42416.13,43142.34,148.216362
1641513600000,43100.84,43145.95,40595.47,41544.89,325.36647
1641600000000,41625.05,42318.07,40502.75,41691.66,180.698146
1641686400000,41696.34,42784.53,41221.57,41874.55,115.056972
1641772800000,41842.71,42225.13,39653.48,41816.54,292.533467
1641859200000,41840.61,43104.42,41271.84,42745.68,211.780839
1641945600000,42742.1,44306.78,42439.0,43904.77,166.471703
1642032000000,43930.4,44422.59,42322.19,42543.91,219.541583
1642118400000,42585.13,43441.29,41770.37,43075.54,153.185975
1642204800000,43062.89,43789.47,42565.65,43075.87,131.652068
1642291200000,43082.67,43478.57,42606.27,43070.22,188.783103
1642377600000,43087.26,43173.19,41553.63,42205.13,109.542755
1642464000000,42214.43,42681.88,41276.22,42361.58,131.986052
1642550400000,42364.8,42561.91,41151.51,41660.51,222.694618
1642636800000,41664.64,43505.05,40564.54,40690.58,241.916092
1642723200000,40675.63,41093.77,35450.11,36474.82,820.242503
1642809600000,36445.31,36832.05,34026.25,35072.22,649.453953
1642896000000,35083.42,36500.0,34613.26,36264.17,323.141616
1642982400000,36254.02,37529.16,32946.64,36638.61,848.892627
1643068800000,36674.79,37534.02,35698.66,36944.5,166.719889
1643155200000,36970.03,38899.87,36263.62,36806.1,260.837572
1643241600000,36721.62,37222.22,35521.43,37189.32,194.804451
1643328000000,37166.12,38000.0,36173.91,37745.25,117.730098
1643414400000,37743.43,38710.64,37304.95,38155.0,166.421527
1643500800000,38161.39,38367.74,37346.43,37917.6,123.075997
1643587200000,37937.51,38731.81,36633.56,38477.61,232.94102
1643673600000,38471.0,39290.74,38011.11,38694.4,294.273931
1643760000000,38721.1,38857.95,36596.2,36907.94,202.048585
1643846400000,36901.29,37354.27,36256.76,37296.17,227.736013
1643932800000,37333.73,41786.18,37039.57,41578.7,478.786058
1644019200000,41578.72,41913.84,40938.83,41413.49,182.508622
1644105600000,41450.64,42668.93,41125.74,42412.6,156.954855
1644192000000,42407.23,44502.93,41652.86,43822.1,343.48216
1644278400000,43854.64,45483.41,42673.45,44027.06,458.743737
1644364800000,44081.06,44803.47,43136.03,44382.13,266.098958
1644451200000,44393.58,45827.12,43182.61,43489.69,699.980349
1644537600000,43468.76,43916.66,41946.24,42398.13,351.878349
1644624000000,42366.25,43000.25,41714.68,42252.67,178.724378
1644710400000,42236.48,42753.36,41873.25,42032.23,100.461391
1644796800000,42087.0,42837.67,41563.49,42541.22,206.496837
1644883200000,42558.44,44742.18,42446.68,44536.2,235.731616
1644969600000,44561.6,44561.6,43318.04,43892.43,130.720181
1645056000000,43865.89,44157.76,40071.06,40564.25,359.031834
1645142400000,40481.43,40994.37,39454.86,40010.25,282.172629
1645228800000,39983.62,40446.06,39650.23,40119.04,54.906016
1645315200000,40099.81,40103.58,37988.68,38339.8,181.970588
1645401600000,38427.93,39477.48,36811.44,37027.25,499.920163
1645488000000,37035.04,38414.17,36353.07,38211.48,313.154546
1645574400000,38239.0,39237.59,37062.43,37202.52,184.575756
1645660800000,37225.4,39788.79,34316.84,38297.1,788.816769
1645747200000,38330.65,39678.96,38013.13,39221.12,255.70831
1645833600000,39201.13,40283.92,38586.13,39111.11,142.971765
1645920000000,39129.2,39850.71,36999.09,37691.03,282.099937
1646006400000,37690.35,44209.56,37442.99,43170.95,585.939547
1646092800000,43193.64,44950.0,42844.8,44396.56,242.320383
1646179200000,44400.0,45300.0,43343.96,43925.39,289.671327
1646265600000,43848.26,44085.03,41823.29,42466.67,141.903472
1646352000000,42476.78,42504.22,38565.08,39123.41,158.787156
1646438400000,39128.91,39597.29,38586.13,39405.13,76.470685
1646524800000,39381.39,39678.96,38075.6,38403.71,124.69034
1646611200000,38398.05,39541.2,37153.29,38000.0,162.718685
1646697600000,37979.03,39359.38,37880.62,38760.68,170.05626
1646784000000,38709.43,42662.68,38656.31,41946.36,278.60096
1646870400000,41965.73,42057.09,38550.97,39405.57,308.395251
1646956800000,39433.86,40222.22,38229.88,38737.06,186.321679
1647043200000,38730.94,39456.79,38664.07,38831.47,72.765824
1647129600000,38794.64,39312.15,37591.9,37801.76,91.257149
1647216000000,37775.87,39907.26,37565.35,39678.82,105.331676
1647302400000,39689.38,39878.76,38130.01,39323.72,116.456684
1647388800000,39300.53,41693.93,38851.4,41130.24,326.952225
1647475200000,41106.25,41457.33,40510.27,40928.58,88.30345
1647561600000,40921.53,42325.56,40161.91,41740.59,104.403429
1647648000000,41814.57,42384.8,41518.77,42191.28,69.351241
1647734400000,42216.84,42278.03,40911.7,41210.22,80.230749
1647820800000,41259.74,41537.18,40490.29,41026.23,91.883464
1647907200000,41000.78,43327.15,40888.53,42336.46,160.27039
1647993600000,42372.03,43025.16,41752.56,42899.87,123.224956
1648080000000,42896.38,44214.84,42611.81,43970.89,121.653184
1648166400000,43970.9,45083.72,43569.36,44272.03,97.125217
1648252800000,44319.69,44788.05,44068.01,44540.58,43.22388
1648339200000,44530.04,46974.31,44430.17,46829.01,107.16026
1648425600000,46818.97,48203.19,46663.72,47071.72,178.701275
1648512000000,47092.34,48101.76,46911.88,47423.0,93.715067
1648598400000,47453.01,47694.91,46543.42,46966.07,102.184306
1648684800000,47058.6,47601.77,45208.16,45483.67,100.26904
1648771200000,45492.82,46708.66,44229.11,46267.8,102.550555
1648857600000,46274.2,47207.71,45631.46,45808.74,90.287264
1648944000000,45798.39,47443.47,45506.33,46397.51,91.060307
1649030400000,46402.64,46881.5,45118.34,46586.31,116.845379
1649116800000,46600.33,47189.77,45373.43,45507.23,81.579477
1649203200000,45478.05,45500.7,43127.38,43127.38,140.713292
1649289600000,43158.72,43902.18,42743.1,43477.16,61.474214
1649376000000,43465.23,43975.83,42106.44,42287.25,85.41257
1649462400000,42240.35,42792.28,42131.46,42776.93,35.56458
1649548800000,42775.68,43410.43,41872.61,42082.48,62.878373
1649635200000,42082.25,42406.01,39211.5,39530.2,160.300553
1649721600000,39529.98,40778.42,39260.45,40103.5,176.036963
1649808000000,40049.71,41566.78,39576.42,41133.85,181.517424
1649894400000,41074.45,41492.74,39564.77,39905.52,104.642336
1649980800000,39942.37,40850.16,39777.49,40569.57,73.866847
1650067200000,40553.78,40702.54,40000.0,40377.6,51.376009
1650153600000,40377.6,40593.69,39550.0,39682.49,66.614673
1650240000000,39671.76,41077.28,38549.85,40816.76,200.170102
1650326400000,40804.2,41772.07,40577.18,41488.98,111.765252
1650412800000,41480.93,42197.75,40847.45,41368.12,90.062711
1650499200000,41366.5,42966.94,39781.04,40489.91,163.413591
1650585600000,40471.8,40789.48,39184.92,39720.26,133.77744
1650672000000,39709.18,39977.12,39283.86,39428.27,53.504524
1650758400000,39443.96,39927.78,38977.06,39434.87,123.038982
1650844800000,39450.12,40595.71,38200.0,40424.99,268.125274
1650931200000,40424.99,40784.28,37706.39,38131.45,172.764463
1651017600000,38119.83,39464.51,37887.0,39220.8,165.275804
1651104000000,39240.6,40374.52,38887.29,39749.7,126.620153
1651190400000,39749.6,39920.56,38179.9,38600.3,112.075083
1651276800000,38594.59,38789.19,37585.99,37633.06,95.557287
1651363200000,37624.01,38667.84,37400.0,38485.9,108.478017
1651449600000,38482.82,39155.03,38049.85,38517.8,127.688289
1651536000000,38519.49,38642.08,37526.35,37745.43,106.634445
1651622400000,37733.12,40058.21,37658.84,39671.2,124.32594
1651708800000,39690.25,39841.42,35603.03,36558.02,243.301604
1651795200000,36557.51,36680.3,35280.0,36023.1,170.427931
1651881600000,36016.63,36133.66,34792.87,35479.24,99.739475
1651968000000,35465.9,35517.56,33642.05,34063.7,156.691724
1652054400000,34067.56,34242.81,30055.99,30109.56,339.865718
1652140800000,30068.23,32637.33,29758.94,31017.98,892.510819
1652227200000,31010.04,32148.74,27751.17,29113.86,1001.283521
1652313600000,29107.86,30223.66,26580.29,29034.65,795.111687
1652400000000,29034.84,31051.35,28768.0,29314.32,171.260599
1652486400000,29280.19,30327.58,28643.91,30086.0,81.873256
1652572800000,30102.07,31455.3,29489.88,31347.35,131.689876
1652659200000,31314.0,31317.62,29106.15,29878.68,259.534572
1652745600000,29883.67,30769.64,29460.93,30449.21,120.392453
1652832000000,30449.94,30713.8,28655.07,28655.07,165.389675
1652918400000,28712.19,30543.02,28694.5,30321.04,134.07165
1653004800000,30306.58,30759.75,28736.62,29203.99,145.810354
1653091200000,29203.56,29647.2,28950.88,29441.37,87.59979
1653177600000,29441.37,30482.43,29265.65,30286.69,100.59313
1653264000000,30283.65,30661.51,28877.84,29092.0,212.201092
1653350400000,29114.73,29853.83,28679.68,29663.83,95.132446
1653436800000,29642.59,30212.77,29344.02,29540.5,103.291255
1653523200000,29545.91,29879.31,28028.24,29218.87,226.679657
1653609600000,29188.43,29388.43,28262.79,28625.99,185.650949
1653696000000,28619.49,29242.53,28510.39,29042.26,64.546142
1653782400000,29031.49,29582.69,28841.76,29479.0,81.233107
1653868800000,29472.74,32200.0,29303.42,31760.68,197.533881
1653955200000,31743.03,32400.0,30800.0,31785.26,370.734529
1654041600000,31814.89,31978.77,29341.06,29810.54,182.238895
1654128000000,29805.98,30672.86,29600.0,30483.8,131.893465
1654214400000,30450.77,30700.02,29280.83,29704.16,93.371307
1654300800000,29713.66,29963.45,29482.0,29857.95,42.250285
1654387200000,29871.06,30188.61,29533.88,29923.99,47.41567
1654473600000,29913.05,31759.8,29888.09,31389.07,211.125765
1654560000000,31380.08,31572.0,29227.88,31119.2,405.316011
1654646400000,31129.76,31321.79,29858.18,30210.32,236.655892
1654732800000,30205.09,30698.76,29950.95,30106.6,111.202978
1654819200000,30081.11,30361.83,28860.9,29092.31,416.234925
1654905600000,29101.47,29438.49,28116.09,28421.24,265.71722
1654992000000,28428.33,28543.9,26563.88,26605.92,490.741524
1655078400000,26567.95,26878.97,21946.86,22491.54,2187.475274
1655164800000,22478.08,23344.11,20850.78,22129.68,1720.92196
1655251200000,22116.09,22784.93,20107.35,22594.59,1896.1506
1655337600000,22573.55,22991.02,20213.86,20372.31,713.625547
1655424000000,20410.04,21357.99,20246.03,20459.81,427.465932
1655510400000,20460.84,20753.25,17621.36,18981.18,1236.12136
1655596800000,18976.6,20816.54,17967.28,20573.02,1418.743834
1655683200000,20562.4,21071.27,19633.52,20581.14,740.705159
1655769600000,20570.01,21721.44,20360.62,20718.92,545.460148
1655856000000,20729.37,20893.74,19765.53,19990.66,1027.906551
1655942400000,19985.54,21240.41,19886.1,21113.1,1154.579803
1656028800000,21107.16,21554.67,20716.89,21232.7,1083.168323
1656115200000,21242.86,21609.07,20913.53,21492.57,473.342072
1656201600000,21489.82,21882.15,20979.11,21047.27,586.391143
1656288000000,21035.02,21538.4,20520.44,20729.39,706.578276
1656374400000,20735.95,21210.85,20197.04,20280.68,1245.63697
1656460800000,20275.2,20439.6,19851.47,20117.99,2589.682853
1656547200000,20129.62,20170.34,18634.59,19940.13,3450.195515
1656633600000,19956.33,20896.68,18938.8,19272.73,4278.957469
1656720000000,19284.64,19448.82,18985.87,19253.68,1978.595008
1656806400000,19250.87,19638.01,18771.29,19311.49,1181.20005
1656892800000,19318.17,20347.3,19056.52,20238.1,1863.170875
1656979200000,20233.33,20746.4,19303.99,20185.21,2856.16758
1657065600000,20179.63,20665.41,19764.9,20567.15,2200.783659
1657152000000,20569.34,21845.27,20265.0,21624.52,2048.788396
1657238400000,21631.89,22524.95,21181.81,21601.94,3201.803268
1657324800000,21602.92,21966.62,21323.57,21585.81,1495.652609
1657411200000,21590.81,21601.25,20651.96,20857.32,1101.43485
1657497600000,20865.62,20866.66,19890.27,19963.13,1352.068799
1657584000000,19960.72,20060.07,19247.83,19328.04,1810.723807
1657670400000,19323.73,20333.81,18910.87,20237.45,3447.978008
1657756800000,20241.06,20887.74,19620.83,20589.95,2992.041014
1657843200000,20586.9,21200.0,20379.3,20832.31,1681.772136
1657929600000,20824.26,21573.65,20480.1,21204.34,1305.40153
1658016000000,21193.15,21666.3,20752.48,20784.16,577.679989
1658102400000,20794.4,22765.2,20775.26,22430.75,2076.845181
1658188800000,22446.97,23793.1,21592.03,23393.18,3743.369623
1658275200000,23390.04,24278.63,22919.55,23221.98,5606.13532
1658361600000,23216.53,23425.79,22346.27,23150.42,3376.162305
1658448000000,23145.95,23747.72,22506.79,22687.98,3357.28147
1658534400000,22685.82,22999.46,21947.35,22450.41,2869.999605
1658620800000,22450.14,23025.24,22261.75,22588.97,1619.482936
1658707200000,22582.59,22666.41,21257.04,21307.76,2987.433268
1658793600000,21305.21,21346.09,20718.0,21259.41,2532.128467
1658880000000,21260.37,23098.85,21044.05,22946.39,1717.760383
1658966400000,22959.62,24190.66,22581.44,23843.83,1805.848049
1659052800000,23837.99,24435.82,23428.58,23771.51,1454.793503
1659139200000,23767.77,24663.55,23514.76,23640.17,903.628945
1659225600000,23639.65,24182.58,23230.54,23298.8,800.672856
1659312000000,23291.35,23497.99,22851.0,23273.67,1304.906669
1659398400000,23271.66,23448.27,22656.61,22981.68,1539.217691
1659484800000,22984.1,23641.97,22680.67,22820.42,1816.090399
1659571200000,22812.4,23219.5,22402.71,22609.71,2488.694177
1659657600000,22617.04,23463.62,22589.36,23318.34,1906.857334
1659744000000,23317.87,23349.22,22914.29,22951.63,670.121366
1659830400000,22954.5,23388.88,22847.27,23174.87,619.753176
1659916800000,23178.64,24245.69,23155.54,23810.28,1607.526521
1660003200000,23804.79,23921.09,22868.3,23150.08,1741.707609
1660089600000,23144.72,24222.97,22655.03,23951.04,1567.681602
1660176000000,23956.24,24917.48,23851.16,23932.84,1981.491525
1660262400000,23941.94,24449.95,23586.35,24402.87,2169.536481
1660348800000,24400.03,24889.0,24297.29,24436.08,1509.997544
1660435200000,24447.26,25023.89,24147.32,24302.12,1348.468089
1660521600000,24304.85,25203.74,23774.26,24091.64,2619.357313
1660608000000,24086.4,24246.26,23668.3,23855.92,2189.526464
1660694400000,23852.36,24440.72,23184.59,23348.83,2277.25595
1660780800000,23349.03,23594.25,23121.09,23195.31,951.515327
1660867200000,23188.04,23205.55,20775.0,20832.56,4078.528899
1660953600000,20829.28,21361.92,20769.64,21138.83,1828.997659
1661040000000,21136.48,21790.22,21069.15,21509.5,771.872562
1661126400000,21519.5,21535.0,20900.0,21400.46,1731.944639
1661212800000,21397.82,21678.28,20898.09,21524.41,1203.40484
1661299200000,21529.3,21892.46,21153.84,21370.41,2830.118038
1661385600000,21371.07,21817.93,21312.78,21558.6,1231.683101
1661472000000,21562.6,21874.34,20110.85,20238.5,4106.088288
1661558400000,20236.28,20377.41,19681.97,20037.34,2215.27759
1661644800000,20039.53,20156.99,19426.83,19556.72,1070.142668
1661731200000,19552.0,20414.41,19547.27,20286.88,1728.63434
1661817600000,20289.94,20575.0,19543.78,19810.09,1734.783561
1661904000000,19825.74,20488.0,19809.07,20050.08,1521.527283
1661990400000,20054.12,20203.98,19566.32,20129.38,1599.563006
1662076800000,20132.25,20435.04,19754.7,19947.33,1554.226478
1662163200000,19954.47,20050.41,19659.54,19832.72,689.620971
1662249600000,19835.08,20023.48,19595.22,20009.24,834.438532
1662336000000,20000.11,20052.34,19639.22,19786.73,1051.611546
1662422400000,19799.82,20179.48,18659.02,18795.29,2514.231602
1662508800000,18791.56,19460.72,18536.82,19287.92,1839.668429
1662595200000,19296.53,19454.01,19015.54,19318.96,1745.170101
1662681600000,19319.92,21600.0,19295.65,21364.31,3067.609904
1662768000000,21366.14,21804.09,21122.78,21652.49,1428.819744
1662854400000,21652.5,21857.14,21350.91,21822.82,1158.949745
1662940800000,21821.17,22483.01,21554.28,22395.73,2891.757993
1663027200000,22396.19,22789.0,19895.31,20174.19,3546.425948
1663113600000,20159.64,20529.1,19619.62,20224.21,2355.785831
1663200000000,20219.2,20329.38,19495.88,19699.71,1783.2322
1663286400000,19707.59,19889.24,19336.68,19802.64,1675.684726
1663372800000,19798.05,20179.98,19753.06,20110.84,902.692596
1663459200000,20114.74,20117.53,19338.68,19417.43,1192.997347
1663545600000,19424.32,19678.53,18257.7,19540.09,2764.045921
1663632000000,19533.97,19635.18,18740.54,18869.66,1662.940592
1663718400000,18868.01,19799.34,18168.45,18466.35,4338.898461
1663804800000,18452.78,19516.2,18359.28,19404.89,3527.023098
1663891200000,19410.18,19496.18,18535.56,19291.83,2732.032945
1663977600000,19292.79,19312.55,18810.09,18914.7,1250.790985
1664064000000,18915.13,19177.21,18636.01,18810.25,1146.991059
1664150400000,18805.24,19315.99,18687.9,19226.03,2327.0065
1664236800000,19225.91,20382.65,18827.24,19077.58,5187.270084
1664323200000,19082.76,19788.22,18478.34,19412.05,4021.259066
1664409600000,19416.06,19642.42,18850.72,19585.16,2389.974444
1664496000000,19587.96,20178.37,19158.61,19423.55,3548.611654
1664582400000,19424.58,19482.44,19163.55,19312.75,647.879623
1664668800000,19309.16,19396.79,18922.49,19055.8,1197.444005
1664755200000,19061.42,19711.75,18964.71,19626.18,2384.419858
1664841600000,19629.32,20463.71,19494.03,20342.75,3241.1054
1664928000000,20337.15,20365.6,19737.65,20154.59,2263.369294
1665014400000,20155.84,20447.18,19855.56,19959.98,6227.034721
1665100800000,19960.12,20061.62,19324.83,19530.6,3473.547154
1665187200000,19526.96,19623.07,19252.92,19417.23,1150.967833
1665273600000,19418.16,19554.52,19322.38,19441.73,1385.439554
1665360000000,19441.28,19524.98,19021.19,19132.82,2568.522375
1665446400000,19130.63,19267.83,18862.23,19063.54,5319.982667
1665532800000,19058.62,19236.0,18982.92,19155.42,2192.387434
1665619200000,19155.42,19503.48,18172.26,19372.85,6484.869357
1665705600000,19371.65,19949.65,19081.82,19175.48,4569.729238
1665792000000,19177.42,19223.54,18986.0,19067.26,602.158529
1665878400000,19068.76,19424.58,19066.27,19263.61,748.190493
1665964800000,19259.03,19673.57,19157.4,19549.99,4008.206123
1666051200000,19544.53,19700.37,19095.52,19331.56,4007.575497
1666137600000,19326.07,19359.64,19070.34,19122.18,2834.00055
1666224000000,19125.17,19340.8,18911.11,19041.69,3602.221144
1666310400000,19044.55,19247.41,18656.0,19172.05,3666.560983
1666396800000,19166.23,19254.05,19113.68,19206.26,403.379967
1666483200000,19205.81,19691.7,19076.11,19570.12,1262.330743
1666569600000,19573.53,19600.0,19159.19,19330.46,3311.75908
1666656000000,19332.8,20416.64,19242.37,20083.8,5843.708286
1666742400000,20081.79,21018.68,20052.43,20766.5,8103.200672
1666828800000,20766.53,20871.16,20200.76,20292.1,5580.976765
1666915200000,20297.59,20748.06,19999.57,20591.44,5519.60961
1667001600000,20589.6,21075.68,20555.57,20810.82,2955.614928
1667088000000,20811.67,20928.83,20513.57,20624.23,1872.680428
1667174400000,20628.34,20838.99,20243.57,20492.7,3089.643794
1667260800000,20493.8,20692.86,20330.0,20483.94,2894.399331
1667347200000,20485.23,20802.88,20063.21,20152.24,5814.672881
1667433600000,20153.32,20392.76,20038.26,20208.15,4746.435078
1667520000000,20209.22,21295.52,20182.71,21147.28,6759.66828
1667606400000,21145.13,21475.41,21083.55,21302.61,1743.009385
1667692800000,21301.02,21363.1,20889.12,20908.79,1404.431226
1667779200000,20901.79,21065.09,20382.71,20589.39,3851.29632
1667865600000,20588.47,20680.56,17466.24,18537.65,11634.442058
1667952000000,18538.36,18588.99,15599.99,15922.56,6743.66075
1668038400000,15932.95,18188.0,15769.42,17580.04,2943.176137
1668124800000,17580.39,17687.87,16369.84,17054.1,2488.691642
1668211200000,17042.83,17099.35,16637.51,16813.35,1008.732561
1668297600000,16814.93,16949.73,16245.12,16325.51,930.709892
1668384000000,16331.92,17160.5,15814.87,16612.4,4969.248876
1668470400000,16617.25,17123.98,16525.75,16894.63,8520.401199
1668556800000,16898.19,17011.62,16383.12,16661.52,3890.202133
1668643200000,16656.25,16744.95,16415.78,16692.72,2154.839322
1668729600000,16695.4,16994.47,16551.95,16701.82,1758.476916
1668816000000,16701.83,16822.78,16551.01,16706.97,470.155473
1668902400000,16699.42,16752.47,16177.98,16284.06,1079.236997
1668988800000,16284.06,16322.78,15486.74,15780.0,1805.011135
1669075200000,15780.0,16304.16,15622.74,16218.73,2123.896625
1669161600000,16229.54,16694.65,16164.23,16613.02,2315.271367
1669248000000,16604.87,16810.89,16462.63,16599.81,1416.419041
1669334400000,16602.13,16621.88,16346.11,16520.64,1063.55348
1669420800000,16523.76,16698.77,16389.63,16471.64,435.505098
1669507200000,16465.05,16595.98,16404.59,16428.4,382.048973
1669593600000,16424.82,16486.01,15998.89,16212.51,1561.205164
1669680000000,16209.97,16545.96,16098.75,16441.05,1486.059194
1669766400000,16441.05,17242.09,16427.05,17164.98,2233.816116
1669852800000,17162.8,17320.96,16848.97,16976.49,1152.64243
1669939200000,16970.59,17105.07,16779.99,17096.4,982.293208
1670025600000,17091.78,17158.85,16862.57,16879.06,529.821032
1670112000000,16883.97,17202.45,16880.56,17106.46,671.866365
1670198400000,17104.72,17419.36,16869.44,16968.71,1850.641398
1670284800000,16968.93,17106.61,16910.0,17088.37,1376.064526
1670371200000,17090.14,17137.26,16685.62,16837.35,906.982363
1670457600000,16839.33,17296.05,16737.94,17220.61,1005.296721
1670544000000,17222.55,17358.24,17068.04,17131.41,628.721642
1670630400000,17127.67,17226.88,17095.18,17129.89,280.844573
1670716800000,17129.77,17270.79,17071.81,17084.74,448.306265
1670803200000,17086.62,17240.58,16873.77,17204.88,831.739269
1670889600000,17211.41,17967.49,17083.4,17782.0,1353.343635
1670976000000,17782.93,18379.51,17662.65,17804.72,3585.022348
1671062400000,17801.85,17854.26,17283.91,17359.37,1863.836197
1671148800000,17355.01,17526.27,16532.94,16633.71,2945.142181
1671235200000,16625.45,16796.67,16583.73,16780.38,1074.492452
1671321600000,16781.49,16855.91,16663.99,16738.88,676.474706
1671408000000,16741.57,16814.49,16283.49,16439.89,1479.406444
1671494400000,16436.13,17048.57,16398.97,16898.75,2231.510723
1671580800000,16898.67,16922.3,16732.51,16829.61,868.853082
1671667200000,16828.58,16864.11,16563.47,16822.08,1298.109936
1671753600000,16824.09,16945.58,16761.57,16782.2,980.279996
1671840000000,16781.48,16864.1,16776.9,16834.19,259.818886
1671926400000,16838.18,16853.97,16731.82,16833.45,443.661161
1672012800000,16832.62,16942.28,16792.23,16919.83,479.431244
1672099200000,16921.8,16966.97,16604.33,16705.84,982.390394
1672185600000,16707.35,16783.9,16471.43,16545.89,1491.096529
1672272000000,16547.63,16662.69,16492.62,16634.04,748.75969
1672358400000,16631.15,16650.64,16369.84,16609.35,1080.822896
1672444800000,16605.84,16639.73,16466.79,16525.07,563.619323
1672531200000,16524.41,16628.2,16497.67,16617.57,309.056051
1672617600000,16619.93,16785.92,16549.68,16677.87,713.131373
1672704000000,16674.84,16774.53,16604.95,16674.12,743.945758
1672790400000,16676.49,16984.83,16653.41,16849.97,1511.331821
1672876800000,16852.47,16878.61,16756.91,16832.48,722.090851
1672963200000,16829.96,17030.14,16683.74,16952.15,1227.368213
1673049600000,16952.1,16982.15,16908.62,16945.2,268.373706
1673136000000,16944.93,17157.28,16913.17,17128.62,587.515062
1673222400000,17131.78,17395.51,17105.39,17181.92,1721.318758
1673308800000,17180.8,17488.38,17146.6,17441.76,1213.47196
1673395200000,17439.34,17996.94,17318.95,17944.83,1648.122479
1673481600000,17948.13,19113.49,17908.33,18852.95,6914.652036
1673568000000,18844.86,20003.26,18718.59,19930.08,5011.223577
1673654400000,19929.16,21250.17,19890.43,20953.76,8620.941878
1673740800000,20952.7,21044.33,20572.1,20869.54,2245.308389
1673827200000,20879.04,21447.7,20629.46,21192.09,2900.430181
1673913600000,21187.47,21581.9,20851.69,21136.37,2085.221161
1674000000000,21128.58,21646.08,20412.41,20677.13,1745.364229
1674086400000,20677.13,21190.9,20660.38,21074.78,764.076433
1674172800000,21080.05,22758.1,20868.93,22681.03,2614.471429
1674259200000,22675.01,23353.62,22439.37,22775.95,4471.41213
1674345600000,22783.64,23074.91,22309.38,22714.51,3497.443376
1674432000000,22710.87,23173.98,22514.16,22915.06,2640.997861
1674518400000,22913.74,23157.5,22473.84,22631.85,2143.908361
1674604800000,22639.7,23809.38,22340.0,23055.67,2197.009498
1674691200000,23071.15,23274.74,22858.6,23005.88,1193.341499
1674777600000,23006.98,23493.4,22580.0,23067.18,1626.405074
1674864000000,23066.49,23183.44,22884.67,23021.21,435.528919
1674950400000,23025.0,23962.88,22969.63,23744.82,1334.888544
1675036800000,23744.81,23798.15,22499.57,22831.95,1455.269402
1675123200000,22822.89,23273.69,22721.55,23128.28,967.825659
1675209600000,23125.65,23800.0,22786.01,23726.72,1585.109473
1675296000000,23726.72,24233.55,23423.76,23482.33,2368.821196
1675382400000,23484.37,23708.08,23210.18,23421.84,1761.853992
1675468800000,23424.81,23582.05,23256.02,23327.52,429.027857
1675555200000,23323.92,23423.76,22750.0,22932.23,914.875938
1675641600000,22928.37,23151.2,22631.38,22760.79,736.100893
1675728000000,22759.66,23347.52,22746.14,23246.32,1714.322276
1675814400000,23243.0,23436.71,22674.4,22958.53,1418.778459
1675900800000,22964.85,23008.58,21700.0,21798.17,2386.315673
1675987200000,21798.49,21938.93,21470.39,21631.55,1561.633344
1676073600000,21623.14,21901.77,21601.16,21863.65,425.428935
1676160000000,21866.56,22091.04,21632.58,21783.16,652.899657
1676246400000,21780.98,21891.26,21362.58,21774.44,1362.856297
1676332800000,21777.93,22312.29,21558.27,22200.34,1867.404055
1676419200000,22196.2,24365.92,22047.74,24329.49,2550.343062
1676505600000,24327.0,25248.03,23508.79,23518.71,2833.209053
1676592000000,23522.79,25014.06,23346.49,24577.41,2952.899383
1676678400000,24570.72,24875.05,24436.84,24628.46,1141.060212
1676764800000,24630.43,25193.38,24202.59,24263.0,1744.260125
1676851200000,24266.76,25113.4,23844.34,24838.09,1988.734029
1676937600000,24835.34,25242.62,24145.47,24453.24,2484.635281
1677024000000,24448.9,24473.5,23583.63,24181.73,2155.166063
1677110400000,24186.71,24597.2,23611.94,23937.75,2680.622008
1677196800000,23941.66,24125.23,22854.66,23183.13,2197.106284
1677283200000,23181.4,23219.12,22760.09,23155.42,903.73265
1677369600000,23156.96,23681.3,23065.36,23558.22,970.409065
1677456000000,23561.67,23891.35,23117.11,23490.18,1424.037752
1677542400000,23491.11,23596.76,23027.14,23140.1,1739.37979
1677628800000,23140.48,23998.92,23020.41,23629.08,2221.546451
1677715200000,23628.02,23797.2,23198.89,23468.02,2072.153148
1677801600000,23466.77,23476.07,21985.68,22358.06,2585.271248
1677888000000,22354.66,22408.39,22160.0,22346.68,667.56317
1677974400000,22344.44,22652.51,22198.81,22430.68,979.42078
1678060800000,22430.07,22594.99,22259.68,22407.44,1031.20915
1678147200000,22409.81,22554.47,21937.52,22198.59,2790.97378
1678233600000,22197.47,22285.54,21579.92,21703.4,3357.142658
1678320000000,21701.97,21832.13,20025.82,20368.79,3827.082532
1678406400000,20370.23,20374.49,19565.4,20153.97,6032.387027
1678492800000,20155.58,20688.52,19770.0,20463.9,2680.24396
1678579200000,20454.96,22082.44,20274.25,21995.39,3513.31226
1678665600000,21996.88,24481.5,21812.11,24108.06,7467.8392
1678752000000,24113.7,26375.5,23841.0,24674.99,6755.913323
1678838400000,24670.89,25172.43,23897.84,24278.47,4551.13937
1678924800000,24281.6,25165.66,24121.62,25003.06,2970.19364
1679011200000,25003.06,27750.45,24893.79,27391.98,2713.282405
1679097600000,27394.17,27721.45,26590.99,26917.17,1423.96384
1679184000000,26917.17,28381.43,26839.63,27958.56,1472.722301
1679270400000,27969.7,28461.22,27134.4,27720.95,2063.86929
1679356800000,27723.72,28430.56,27308.19,28110.26,1190.29244
1679443200000,28108.29,28861.27,26603.54,27254.54,2825.298864
1679529600000,27242.3,28751.33,27116.41,28286.72,2591.64345
1679616000000,28293.09,28378.16,27016.08,27444.02,2344.98984
1679702400000,27460.0,27786.46,27155.49,27462.53,747.85679
1679788800000,27457.51,28197.07,27414.51,27984.74,871.1726
1679875200000,27963.23,28024.99,26513.45,27128.98,2414.15281
1679961600000,27133.87,27505.89,26635.48,27260.91,2444.00856
1680048000000,27266.53,28646.63,27242.31,28354.39,3091.75909
1680134400000,28341.68,29182.0,27697.25,28035.67,4685.150132
1680220800000,28033.22,28657.69,27510.35,28460.08,3264.42222
1680307200000,28460.1,28815.32,28218.91,28452.75,913.66801
1680393600000,28449.0,28530.76,27854.49,28176.4,1189.9971
1680480000000,28177.46,28500.29,27265.0,27806.67,3575.72719
1680566400000,27793.56,28440.3,27654.08,28164.56,2375.33862
1680652800000,28157.88,28770.27,27828.89,28166.68,2440.36142
1680739200000,28166.68,28185.68,27711.66,28031.19,1433.80828
1680825600000,28033.82,28104.6,27763.3,27901.7,822.73371
1680912000000,27901.59,28156.05,27854.98,27941.17,376.18819
1680998400000,27935.62,28531.54,27797.43,28324.72,854.09292
1681084800000,28324.4,29769.78,28159.33,29642.28,1858.429484
1681171200000,29636.58,30560.6,29589.23,30196.78,2445.705852
1681257600000,30196.78,30482.07,29650.0,29891.39,2395.59523
1681344000000,29891.39,30583.58,29851.17,30376.49,2115.014824
1681430400000,30378.69,31015.88,29966.04,30461.9,3084.714799
1681516800000,30466.38,30596.82,30199.57,30293.1,862.57072
1681603200000,30296.76,30547.63,30118.55,30301.91,1069.92307
1681689600000,30300.78,30322.57,29240.22,29429.64,2358.13101
1681776000000,29429.64,30486.46,29095.3,30381.36,3380.29609
1681862400000,30382.2,30409.62,28574.5,28798.07,4498.91245
1681948800000,28796.0,29083.99,27999.36,28240.95,3391.78918
1682035200000,28240.95,28370.56,27136.94,27263.02,3530.68713
1682121600000,27259.36,27881.46,27144.51,27818.2,1630.99713
1682208000000,27813.95,27819.65,27333.08,27588.59,1748.96198
1682294400000,27587.87,27998.15,26962.3,27512.82,3403.33245
1682380800000,27512.18,28391.62,27191.21,28296.98,2977.17603
1682467200000,28303.19,30030.41,27249.0,28418.62,6455.58602
1682553600000,28419.14,29896.44,28377.78,29475.32,3965.41484
1682640000000,29476.82,29593.39,28885.61,29312.93,1854.90346
1682726400000,29317.65,29444.4,29038.97,29228.32,569.11839
1682812800000,29228.38,29962.87,29088.14,29224.89,1295.21726
1682899200000,29237.64,29334.06,27667.89,28073.3,2107.08053
1682985600000,28068.26,28881.04,27869.8,28671.76,1585.44208
1683072000000,28669.63,29266.83,28120.0,29030.86,2945.05292
1683158400000,29030.55,29381.71,28663.22,28838.07,1434.38754
1683244800000,28847.85,29678.6,28804.94,29504.4,1956.51079
1683331200000,29505.43,29831.41,28333.15,28846.33,1278.7991
1683417600000,28846.33,29133.92,28398.29,28426.29,895.69981
1683504000000,28434.44,28631.55,27264.83,27669.62,2380.08777
1683590400000,27658.38,27821.31,27351.56,27623.4,540.5754
1683676800000,27632.61,28316.76,26839.91,27599.6,641.37046
1683763200000,27592.89,27624.39,26713.98,26972.18,448.66664
1683849600000,26972.63,27083.96,25816.67,26790.85,635.89815
1683936000000,26801.54,27038.75,26688.04,26779.72,239.0358
1684022400000,26769.29,27200.0,26575.51,26914.59,336.79274
1684108800000,26917.28,27660.54,26734.85,27164.79,644.40195
1684195200000,27158.37,27294.73,26841.8,27035.73,429.9884
1684281600000,27035.73,27496.07,26546.47,27405.87,721.83
1684368000000,27407.94,27484.31,26328.2,26820.9,698.56373
1684454400000,26822.07,27173.0,26639.22,26880.33,373.31201
1684540800000,26885.35,27156.6,26824.96,27100.7,148.42648
1684627200000,27106.16,27275.06,26670.33,26746.96,334.04825
1684713600000,26740.5,27092.02,26539.18,26853.73,833.0665
1684800000000,26847.43,27493.33,26800.0,27224.87,1027.44256
1684886400000,27223.34,27223.34,26080.19,26331.72,989.83037
1684972800000,26321.61,26621.37,25873.88,26473.26,754.58955
1685059200000,26479.19,26933.45,26328.31,26701.03,515.97944
1685145600000,26707.46,26888.0,26555.0,26855.5,242.07005
1685232000000,26857.06,28256.38,26768.59,28063.46,585.09302
1685318400000,28069.22,28444.71,27526.32,27738.83,811.60832
1685404800000,27737.94,28041.41,27556.7,27696.3,715.64459
1685491200000,27688.81,27834.35,26832.67,27213.15,899.40734
1685577600000,27213.15,27347.62,26611.33,26815.41,682.48871
1685664000000,26812.5,27298.4,26500.0,27241.48,583.12988
1685750400000,27245.09,27325.93,26913.43,27068.35,246.40205
1685836800000,27068.35,27454.7,26952.6,27124.27,283.16666
1685923200000,27107.75,27133.99,25395.44,25725.97,836.83073
1686009600000,25733.56,27274.2,25355.82,27235.2,800.25667
1686096000000,27240.65,27363.71,26270.41,26344.3,371.26585
1686182400000,26344.5,26793.17,26246.4,26525.73,137.95613
1686268800000,26525.71,26762.26,26305.9,26504.97,251.90923
1686355200000,26505.11,26544.0,25551.4,25849.51,253.88218
1686441600000,25842.28,26192.22,25689.58,25919.52,154.07575
1686528000000,25933.43,26081.0,25675.0,25925.43,193.8055
1686614400000,25925.43,26356.07,25738.31,25924.41,186.40563
1686700800000,25925.46,26098.35,25019.04,25124.36,234.26558
1686787200000,25132.59,25722.99,24817.35,25595.96,217.78144
1686873600000,25605.96,26452.16,25289.67,26354.99,186.12735
1686960000000,26354.98,26763.68,26078.69,26528.85,105.86557
1687046400000,26515.99,26707.24,26296.39,26349.44,95.2113
1687132800000,26349.44,26995.37,26272.97,26832.67,109.95144
1687219200000,26824.1,28419.28,26628.01,28316.76,310.47523
1687305600000,28322.72,138070.0,28259.32,30009.46,518.0493
1687392000000,30009.0,30533.01,29800.0,29922.22,292.202
1687478400000,29907.0,31392.15,29850.0,30660.0,287.12504
1687564800000,30671.38,30841.7,30290.19,30527.01,111.16373
1687651200000,30540.7,30994.44,30344.0,30470.93,135.44209
1687737600000,30449.56,30660.2,29944.0,30275.0,130.72946
1687824000000,30275.0,30974.22,30234.53,30707.77,137.63916
1687910400000,30688.0,30715.84,29890.0,30098.93,186.45661
1687996800000,30081.95,30818.0,30043.0,30430.01,240.3208
1688083200000,30430.01,31239.69,30034.0,30476.8,373.70658
1688169600000,30476.83,30656.4,30338.23,30604.99,104.99358
1688256000000,30604.97,30777.01,30300.0,30625.0,121.66079
1688342400000,30626.45,31375.14,30576.02,31160.0,164.70626
1688428800000,31161.68,31338.99,30642.28,30780.94,125.17742
1688515200000,30775.0,30860.03,30203.84,30514.97,130.42412
1688601600000,30504.99,31380.0,29800.5,29895.19,342.12422
1688688000000,29913.57,30446.25,29712.21,30360.58,206.35585
1688774400000,30361.35,30400.82,30072.7,30280.01,138.85526
1688860800000,30293.97,30438.56,30088.13,30194.99,98.20702
1688947200000,30194.99,31030.52,30000.0,30435.98,233.90207
1689033600000,30432.99,30795.03,30379.59,30626.01,139.31124
1689120000000,30619.88,30955.77,30220.32,30365.0,201.248
1689206400000,30369.0,32000.0,30267.71,31454.17,404.61645
1689292800000,31449.99,31526.12,29955.43,30313.0,385.41818
1689379200000,30313.0,30375.74,30237.0,30288.46,79.04124
1689465600000,30294.99,30432.33,30069.13,30225.15,123.73596
1689552000000,30236.18,30330.38,29667.69,30154.58,223.9924
1689638400000,30154.57,30225.0,29689.0,29864.32,205.57209
1689724800000,29876.36,30172.82,29765.84,29925.02,177.27548
1689811200000,29944.72,30414.4,29566.71,29809.99,248.87074
1689897600000,29809.99,30052.74,29730.0,29899.99,134.00071
1689984000000,29899.99,29985.79,29680.0,29785.02,80.28221
1690070400000,29798.25,30330.0,29745.01,30079.91,150.46982
1690156800000,30079.91,30101.56,28865.83,29175.51,268.99459
1690243200000,29189.43,29373.78,29050.05,29215.05,96.05095
1690329600000,29229.96,29636.38,29100.0,29352.35,212.83988
1690416000000,29354.04,29580.15,29085.44,29220.01,114.03322
1690502400000,29234.69,29535.0,29120.0,29310.22,85.97708
1690588800000,29324.85,29411.42,29254.66,29345.0,51.74605
1690675200000,29347.23,29434.09,29045.16,29290.11,83.47218
1690761600000,29280.01,29500.0,29110.37,29227.24,125.57218
1690848000000,29238.43,29600.0,28589.26,29600.0,263.82671
1690934400000,29600.0,30028.43,28916.79,29185.0,283.23607
1691020800000,29185.0,29432.06,28968.2,29194.99,160.8989
1691107200000,29186.28,29329.03,28969.74,29119.99,128.25689
1691193600000,29119.98,29185.5,28985.71,29065.97,69.35806
1691280000000,29065.02,29198.7,29000.16,29091.77,96.32926
1691366400000,29092.01,29263.74,28705.0,29200.01,155.12143
1691452800000,29205.0,30120.0,29142.3,29774.97,274.69808
1691539200000,29774.99,30120.0,29391.94,29575.01,177.6591
1691625600000,29575.01,29730.0,29341.32,29454.17,159.47785
1691712000000,29454.17,29560.0,29250.0,29427.14,201.05367
1691798400000,29427.13,29480.6,29381.84,29424.99,107.37273
1691884800000,29415.06,29467.0,29280.01,29311.08,87.20888
1691971200000,29301.21,29694.67,29121.97,29432.1,169.25687
1692057600000,29432.1,29493.2,29015.3,29190.12,106.07506
1692144000000,29187.21,29261.5,28720.69,28734.96,193.24183
1692230400000,28734.96,28780.0,26350.0,26630.0,445.99517
1692316800000,26625.0,26823.25,25619.9,26060.19,327.77939
1692403200000,26059.99,26265.84,25815.0,26106.91,108.76234
1692489600000,26106.9,26286.03,25992.52,26186.42,96.81339
1692576000000,26194.4,26250.0,25809.39,26122.59,110.56406
1692662400000,26133.76,26139.99,25363.16,26054.99,164.89006
1692748800000,26059.99,26815.0,25815.61,26449.68,251.58855
1692835200000,26449.68,26579.62,25886.7,26175.01,134.73212
1692921600000,26181.05,26299.99,25790.0,26064.1,196.37414
1693008000000,26064.1,26119.12,25990.38,26013.79,35.33642
1693094400000,26015.04,26179.37,25950.0,26098.81,91.37392
1693180800000,26108.53,26253.33,25875.0,26128.11,167.82147
1693267200000,26127.11,28135.98,25920.52,27723.71,427.89303
1693353600000,27724.96,27767.89,27049.81,27295.85,235.22555
1693440000000,27298.58,27550.15,25715.51,25949.97,299.19292
1693526400000,25949.97,26153.89,25355.12,25814.53,234.55928
1693612800000,25814.52,25974.79,25746.8,25865.0,72.48573
1693699200000,25864.99,26119.05,25819.46,25979.99,140.10935
1693785600000,25979.99,26099.47,25641.14,25829.98,136.2552
1693872000000,25827.68,25895.95,25578.56,25780.4,108.31735
1693958400000,25784.75,26032.91,25373.4,25764.99,162.75791
1694044800000,25764.99,26445.78,25620.0,26253.88,158.85946
1694131200000,26253.88,26429.26,25689.9,25912.99,109.6969
1694217600000,25905.05,25942.94,25806.0,25907.4,61.87145
1694304000000,25903.2,26000.0,25591.08,25837.78,115.26437
1694390400000,25837.78,25891.46,24900.0,25164.13,273.08039
1694476800000,25157.25,26440.0,25129.38,25840.19,286.7064
1694563200000,25840.2,26404.02,25781.11,26215.57,189.91369
1694649600000,26224.27,26814.86,26146.2,26521.8,245.60104
1694736000000,26536.1,26879.8,26223.75,26603.66,181.06799
1694822400000,26599.99,26772.74,26451.15,26564.87,115.57404
1694908800000,26564.87,26619.58,26385.94,26525.01,86.33486
1694995200000,26525.01,27411.97,26400.0,26756.08,291.42457
1695081600000,26764.99,27483.06,26660.01,27212.67,250.90933
1695168000000,27212.69,27387.41,26857.59,27134.94,208.20494
1695254400000,27121.69,27152.52,26342.0,26566.44,229.63043
1695340800000,26573.55,26720.0,26491.73,26579.73,124.6593
1695427200000,26582.0,26632.83,26508.65,26580.03,57.47507
1695513600000,26584.99,26733.07,26170.88,26243.85,103.37993
1695600000000,26249.99,26439.49,26002.79,26300.0,168.70237
1695686400000,26300.0,26407.33,26095.0,26211.63,118.01781
1695772800000,26219.86,26841.47,26111.78,26373.99,235.94715
1695859200000,26373.99,27294.6,26340.0,27023.99,284.86239
1695945600000,27023.98,27226.01,26600.0,26909.86,194.77297
1696032000000,26902.97,27100.0,26886.09,26960.01,92.61436
1696118400000,26960.0,28024.0,26956.0,27994.99,182.15753
1696204800000,27994.99,28485.97,27290.8,27544.99,305.42682
1696291200000,27538.64,27673.49,27158.39,27420.0,202.03119
1696377600000,27420.99,27835.19,27246.0,27790.15,187.67526
1696464000000,27789.66,28138.1,27350.0,27419.92,196.41966
1696550400000,27410.02,28127.18,27069.93,27935.03,225.39403
1696636800000,27936.0,27975.14,27843.65,27952.0,69.06262
1696723200000,27952.0,28090.0,27689.99,27920.0,106.82616
1696809600000,27915.01,27984.99,27250.0,27584.59,168.02213
1696896000000,27579.67,27700.0,27297.92,27418.69,128.99393
1696982400000,27418.69,27477.99,26542.08,26879.99,208.7874
1697068800000,26879.99,26946.79,26555.82,26764.31,114.60949
1697155200000,26765.0,27147.4,26689.1,26859.53,134.54676
1697241600000,26866.14,26986.72,26793.53,26858.31,59.97108
1697328000000,26858.1,27250.0,26815.02,27135.01,87.94757
1697414400000,27141.12,28803.36,27087.8,28466.74,295.79009
1697500800000,28466.63,28579.81,28064.1,28403.58,186.50895
1697587200000,28403.38,28941.84,28140.0,28318.99,182.28542
1697673600000,28318.99,28803.36,28137.02,28717.45,199.52404
1697760000000,28718.45,29836.84,28616.92,29659.06,278.35869
1697846400000,29659.07,30200.0,29455.3,29904.46,186.32447
1697932800000,29904.85,30130.0,29700.0,29992.78,132.86552
1698019200000,29992.78,33425.56,29875.5,32915.0,503.45501
1698105600000,32915.0,35100.0,32846.23,33932.19,625.25892
1698192000000,33932.22,35000.0,33670.98,34520.97,344.09174
1698278400000,34520.97,34803.48,33762.93,34157.97,302.09876
1698364800000,34174.04,34248.27,33201.35,33870.0,193.98987
1698451200000,33870.0,34314.9,33818.82,34097.09,85.94278
1698537600000,34095.3,34717.13,33936.34,34522.08,138.24133
1698624000000,34531.64,34873.66,34052.33,34481.52,235.60469
1698710400000,34481.52,34635.0,34064.94,34627.47,179.45831
1698796800000,34627.2,35496.2,34100.0,35400.13,370.11502
1698883200000,35427.62,35954.99,34555.0,34942.95,328.43787
1698969600000,34945.31,34947.97,34121.79,34720.25,215.27124
1699056000000,34707.48,35211.47,34588.28,35048.07,104.6704
1699142400000,35038.73,35377.11,34600.0,35024.18,154.72625
1699228800000,35007.74,35278.0,34735.93,35042.52,227.77083
1699315200000,35040.08,35700.0,34524.98,35385.6,287.00925
1699401600000,35405.58,35947.0,35103.03,35628.94,287.54097
1699488000000,35628.93,37974.85,35550.0,36680.47,646.32063
1699574400000,36701.93,37450.0,36400.01,37295.58,296.49994
1699660800000,37278.23,37387.0,36728.06,37143.52,181.84587
1699747200000,37140.0,37199.0,36760.0,37085.2,105.9848
1699833600000,37085.19,37399.0,36193.3,36466.15,257.17992
1699920000000,36465.6,36744.96,35200.0,35557.53,296.88478
1700006400000,35550.0,37850.0,35378.95,37846.08,321.64399
1700092800000,37846.09,37850.0,35505.64,36209.38,355.45139
1700179200000,36197.88,36699.0,35868.57,36566.73,255.38624
1700265600000,36566.73,36765.65,36192.87,36568.81,98.56694
1700352000000,36570.01,37429.55,36391.47,37352.05,181.97825
1700438400000,37357.64,37696.51,36704.26,37400.0,268.74155
1700524800000,37400.01,37575.51,35755.0,35780.49,376.67386
1700611200000,35755.01,37740.0,35735.33,37360.0,367.60566
1700697600000,37365.11,37649.99,36886.88,37290.14,171.55226
1700784000000,37302.01,38404.2,37254.54,37716.86,285.51062
1700870400000,37725.01,37888.0,37593.67,37794.42,81.81006
1700956800000,37777.01,37821.55,37181.0,37450.0,138.10811
1701043200000,37450.0,37557.77,36720.09,37237.52,165.29516
1701129600000,37251.95,38222.0,36875.0,37823.4,260.66305
1701216000000,37824.52,38432.91,37575.0,37861.76,224.76946
1701302400000,37845.94,38141.87,37509.01,37730.97,185.0633
1701388800000,37730.95,38976.67,37611.02,38688.5,305.46832
1701475200000,38686.64,39699.95,38639.15,39453.91,167.97752
1701561600000,39471.72,40179.82,39277.33,40020.0,215.89243
1701648000000,40019.99,42399.12,40000.0,41998.28,528.09176
1701734400000,41980.02,44482.83,41420.69,44151.45,476.49982
1701820800000,44153.06,44278.84,43382.42,43779.58,327.97515
1701907200000,43779.59,44038.08,42961.77,43283.59,257.92184
1701993600000,43284.97,44700.01,43082.72,44178.56,271.66113
1702080000000,44154.13,44348.86,43600.32,43701.86,130.27304
1702166400000,43727.71,44024.18,43600.02,43788.74,108.3228
1702252800000,43777.37,43820.0,40232.18,41237.41,349.01806
1702339200000,41237.41,42100.0,40679.77,41465.48,246.18935
1702425600000,41494.58,43440.76,40647.38,42878.34,261.76573
1702512000000,42890.31,43411.81,41503.81,43031.93,245.7777
1702598400000,43021.33,43081.95,41684.56,41932.39,162.94656
1702684800000,41938.42,42699.99,41624.6,42258.78,95.56071
1702771200000,42258.94,42407.93,41281.8,41368.43,91.01864
1702857600000,41401.53,42707.71,40533.7,42628.76,198.62958
1702944000000,42640.13,43268.11,41818.34,42270.46,205.44794
1703030400000,42285.38,44266.37,42207.14,43676.0,280.8664
1703116800000,43661.78,44230.0,43303.88,43854.69,240.3177
1703203200000,43854.09,44250.0,43468.86,43961.99,216.33361
1703289600000,43936.56,43985.0,43316.8,43700.1,122.84694
1703376000000,43700.12,43928.28,42820.95,42991.17,199.04718
1703462400000,42965.64,43739.17,42759.01,43607.38,135.29789
1703548800000,43583.07,43605.95,41788.0,42526.37,165.30277
1703635200000,42505.16,43657.61,42126.6,43410.09,177.57394
1703721600000,43434.54,43723.42,42320.0,42601.54,168.15707
1703808000000,42601.54,43098.35,41296.35,42085.42,228.6485
1703894400000,42085.36,42598.22,41516.66,42138.01,146.52109
1703980800000,42163.09,42858.4,42007.52,42255.16,151.28184
1704067200000,42278.79,44000.0,42212.0,43999.99,177.52851
1704153600000,43998.83,45889.62,43961.25,44953.74,399.57179
1704240000000,44931.83,45489.66,42045.02,42823.2,399.85334
1704326400000,42860.53,44689.98,42620.55,44146.81,288.38869
1704412800000,44128.34,44294.62,43093.58,44167.0,275.43134
1704499200000,44167.0,44230.08,43394.97,43952.87,161.57234
1704585600000,43980.6,44454.29,43660.0,43896.76,163.65028
1704672000000,43898.58,47110.0,43289.84,46901.44,427.12735
1704758400000,46905.47,47500.0,45416.18,46186.0,361.08977
1704844800000,46186.0,47650.5,44831.18,46665.7,447.5733
1704931200000,46665.7,48400.0,45687.06,46367.61,401.74124
1705017600000,46367.49,46508.24,41844.35,42789.35,372.20396
1705104000000,42848.66,43264.02,42443.05,42815.6,203.9168
1705190400000,42822.46,43025.69,41700.01,41700.01,214.7634
1705276800000,41735.63,43320.8,41636.2,42532.82,168.67596
1705363200000,42533.07,43554.13,42031.6,43125.41,194.36454
1705449600000,43162.69,43189.3,42218.33,42788.24,139.19491
1705536000000,42774.14,42944.6,40612.2,41323.0,283.46178
1705622400000,41323.0,42311.5,40308.53,41694.1,239.22309
1705708800000,41694.7,41859.17,41460.0,41766.8,75.6808
1705795200000,41742.0,41876.92,41528.23,41572.24,83.47213
1705881600000,41572.61,41733.1,39441.54,39553.71,275.10441
1705968000000,39553.71,40164.61,38570.59,39885.18,200.04517
1706054400000,39870.49,40554.88,39380.27,40080.86,91.52764
1706140800000,40069.86,40290.0,39523.69,39930.97,54.37907
1706227200000,39930.97,42193.81,39831.89,41800.02,128.57511
1706313600000,41801.23,42159.36,41413.79,42103.0,34.86381
1706400000000,42108.15,42814.07,41655.39,42063.04,61.59193
1706486400000,42033.94,43299.99,41843.97,43275.97,85.82408
1706572800000,43283.97,43800.0,42706.06,42983.77,70.5723
1706659200000,42969.43,43726.57,42075.0,42600.0,96.28622
1706745600000,42570.25,43271.42,41911.49,43085.14,111.87772
1706832000000,43087.86,43458.22,42588.68,43198.29,58.97192
1706918400000,43198.3,43379.36,42900.0,42975.14,30.91661
1707004800000,43024.81,43100.0,42378.54,42571.73,35.87544
1707091200000,42585.03,43537.69,42338.39,42701.18,71.02396
1707177600000,42726.18,43370.33,42571.28,43106.39,60.21508
1707264000000,43114.3,44352.0,42789.07,44346.1,93.23569
1707350400000,44320.3,45577.35,44320.3,45313.39,75.7232
1707436800000,45313.16,48088.7,45257.34,47091.85,158.19887
1707523200000,47091.87,48117.77,46875.94,47775.49,40.9223
1707609600000,47770.0,48510.59,47601.14,48247.73,73.81687
1707696000000,48248.36,50246.21,47734.4,49947.62,149.5244
1707782400000,49931.8,50322.0,48204.6,49738.87,130.99965
1707868800000,49698.02,52000.0,49338.0,51759.58,145.89177
1707955200000,51768.04,52793.0,51340.3,51901.75,131.6589
1708041600000,51855.33,52523.16,51600.0,52132.09,89.73123
1708128000000,52151.67,52181.21,50645.33,51670.97,53.57423
1708214400000,51644.37,52300.08,51191.46,52120.0,38.28548
1708300800000,52120.0,52427.44,51700.0,51751.84,54.94769
1708387200000,51751.95,52850.0,50779.54,52250.08,101.21539
1708473600000,52285.22,52361.01,50653.13,51821.06,65.06172
1708560000000,51865.96,52018.79,50977.67,51348.64,58.81362
1708646400000,51317.14,51521.02,50551.87,50754.22,45.59659
1708732800000,50728.34,51664.32,50601.49,51562.84,36.00047
1708819200000,51562.27,51903.0,51324.56,51745.0,39.84299
1708905600000,51745.0,54834.17,50930.04,54489.99,140.43632
1708992000000,54447.09,57500.0,54447.03,57067.0,184.35812
1709078400000,57067.0,63583.26,56719.85,62413.39,366.34648
1709164800000,62495.88,63500.0,60409.17,61125.22,191.13411
1709251200000,61188.91,62817.48,60755.0,62394.58,88.17028
1709337600000,62412.48,62434.25,61550.0,62006.35,64.96801
1709424000000,62006.33,63154.47,61365.23,63068.89,55.23981
1709510400000,63068.89,68309.21,62425.78,68152.44,191.47634
1709596800000,68049.92,68965.91,58618.0,63830.27,320.09433
1709683200000,63830.11,67573.8,62800.0,66193.8,140.72554
1709769600000,66193.8,67901.14,65700.01,66845.27,99.20372
1709856000000,66845.0,69845.0,66125.3,68163.76,179.931114
1709942400000,68152.22,68539.44,67400.0,68309.0,44.41091
1710028800000,68351.49,69999.0,68150.0,68978.46,101.72577
1710115200000,68919.36,72754.15,67800.0,72115.58,164.64562
1710201600000,72119.15,72945.19,69008.63,71420.43,116.84886
1710288000000,71469.96,73559.04,71355.77,73020.03,103.44826
1710374400000,73108.44,73779.26,68992.81,71389.23,146.54703
1710460800000,71405.0,72387.23,66037.11,69506.22,190.19712
1710547200000,69519.3,70000.9,64700.0,65354.59,79.27654
1710633600000,65269.94,68850.85,64572.53,68397.9,80.34426
1710720000000,68397.89,68868.58,66585.49,67562.87,61.92561
1710806400000,67562.87,68000.0,61587.35,62057.44,210.30809
1710892800000,61920.49,67957.59,60802.51,67630.03,151.49905
1710979200000,67719.39,68045.52,64605.53,65513.13,56.10592
1711065600000,65448.72,66535.65,62339.49,63811.92,71.36894
1711152000000,63811.05,65961.38,63063.08,64041.82,52.1354
1711238400000,64041.73,67439.74,63815.35,67173.0,39.91476
1711324800000,67180.4,71043.93,66306.57,69853.45,123.64859
1711411200000,69868.6,71365.19,69324.13,69983.99,56.22012
1711497600000,69948.59,71668.99,68303.6,69437.7,69.5824
1711584000000,69482.38,71500.0,68938.4,70811.57,65.02468
1711670400000,70811.47,70904.9,69085.8,69849.99,48.95289
1711756800000,69849.99,70330.65,69650.0,69763.07,26.40171
1711843200000,69762.99,71322.88,69692.29,71319.74,33.97613
1711929600000,71322.38,71322.38,68084.93,69700.0,69.46532
1712016000000,69700.0,69725.94,64624.75,65473.99,128.46354
1712102400000,65473.47,67066.37,64555.01,66008.96,59.05627
1712188800000,66008.96,69262.19,65211.51,68369.41,49.24852
1712275200000,68451.28,68592.02,65956.51,67829.31,62.72157
1712361600000,67829.31,69486.6,67438.27,68828.93,12.83182
1712448000000,68892.99,70107.94,68670.0,69335.89,31.61533
1712534400000,69255.01,72740.2,69098.78,71640.11,94.24361
1712620800000,71640.01,71701.0,68249.89,69173.8,79.70466
1712707200000,69173.55,70900.0,67555.36,70555.79,69.9965
1712793600000,70555.79,71235.97,69602.4,70056.0,36.15518
1712880000000,70073.46,71199.0,66000.0,67183.85,89.87685
1712966400000,67239.0,68001.1,61723.97,63947.01,133.69929
1713052800000,63920.15,66000.0,62005.6,65780.16,56.44785
1713139200000,65826.97,66824.65,62372.92,63449.83,67.84581
1713225600000,63380.58,64884.8,61503.38,63859.29,91.65388
1713312000000,63806.0,64473.13,59723.94,61289.21,93.613
1713398400000,61350.59,64087.97,60854.6,63463.3,42.54642
1713484800000,63447.69,65472.48,59631.64,63843.37,108.08397
1713571200000,63842.42,65400.0,63106.21,64930.63,62.15612
1713657600000,64975.22,65662.76,64245.48,64957.64,21.66664
1713744000000,64957.64,67176.25,64543.51,66850.0,38.85241
1713830400000,66867.85,67164.66,65815.98,66399.99,28.01835
1713916800000,66374.04,66980.0,63777.57,64278.95,45.99513
1714003200000,64325.42,65240.53,62825.96,64500.0,34.76707
1714089600000,64506.07,64777.0,63359.86,63801.92,25.35186
1714176000000,63758.97,63859.71,62500.0,63460.73,26.27522
1714262400000,63471.29,64334.12,62825.96,63137.36,15.36399
1714348800000,63137.36,64190.71,61813.19,63817.61,24.30825
1714435200000,63860.73,64690.43,59274.0,60698.63,64.65473
1714521600000,60698.5,60829.26,56603.15,58361.6,106.99634
1714608000000,58431.16,59588.23,57027.31,59102.52,45.63249
1714694400000,59102.36,63323.7,58808.71,62849.56,69.08544
1714780800000,62839.79,64441.95,62557.84,63800.39,42.81561
1714867200000,63800.39,64600.0,62910.37,64021.14,21.25451
1714953600000,63994.76,65460.03,62754.3,63154.41,44.71543
1715040000000,63176.2,64364.22,62297.02,62358.78,34.19785
1715126400000,62300.0,62994.04,60909.72,61193.08,30.54245
1715212800000,61162.31,63399.95,60660.39,63061.0,43.21448
1715299200000,63061.0,63429.74,60250.0,60935.38,53.54052
1715385600000,60937.79,61508.16,60734.04,60839.82,15.38899
1715472000000,60840.0,61832.14,60608.27,61493.88,12.93185
1715558400000,61444.29,63408.18,60728.58,62876.81,42.42313
1715644800000,62908.08,63112.14,61184.61,61620.22,24.76124
1715731200000,61565.2,66398.81,61375.04,66232.38,72.26446
1715817600000,66232.33,66729.32,64634.2,65245.85,39.77427
1715904000000,65250.0,67389.15,65150.0,66965.81,40.13447
1715990400000,67012.39,67372.02,66581.57,66947.59,16.32194
1716076800000,66947.63,67690.22,66000.0,66356.97,26.566
1716163200000,66292.85,71477.11,66150.0,71400.0,91.92934
1716249600000,71305.57,71700.0,69241.85,70173.59,67.53635
1716336000000,70173.59,70623.97,69042.5,69156.68,50.94181
1716422400000,69169.68,70066.97,66500.0,67900.07,46.42399
1716508800000,67900.76,69213.34,66671.51,68497.47,28.06156
1716595200000,68497.47,69540.18,68459.44,69244.29,17.27617
1716681600000,69200.12,69458.8,68197.05,68555.48,10.736
1716768000000,68472.93,70622.67,68290.22,69438.5,34.95117
1716854400000,69438.5,69540.49,67325.27,68340.67,43.23248
1716940800000,68436.0,68900.0,67183.87,67621.67,21.33966
1717027200000,67622.12,69441.91,67146.37,68430.55,27.63761
1717113600000,68401.58,69006.22,66716.79,67570.0,27.15424
1717200000000,67570.0,67901.14,67484.71,67858.33,6.24416
1717286400000,67886.74,68433.48,67326.97,67820.77,16.77767
1717372800000,67756.81,70000.0,67610.13,68824.27,35.76605
1717459200000,68819.57,70995.67,68606.12,70559.07,49.81152
1717545600000,70559.07,71738.37,70415.5,71111.73,42.77013
1717632000000,71111.73,71641.02,70300.0,70840.76,29.21083
1717718400000,70840.72,71949.57,68745.63,69376.8,50.74441
1717804800000,69376.79,69590.0,69218.5,69347.3,10.19391
1717891200000,69347.22,69827.75,69150.0,69669.98,9.52287
1717977600000,69683.21,70154.98,69216.2,69510.12,12.14298
1718064000000,69510.12,69582.24,66200.0,67391.67,48.75257
1718150400000,67389.28,69966.62,66937.42,68215.5,36.99969
1718236800000,68301.58,68418.43,66330.4,66774.83,23.53756
1718323200000,66835.51,67435.89,65255.3,66034.15,36.45807
1718409600000,66085.52,66511.7,65988.18,66249.99,10.10723
1718496000000,66249.99,67037.9,66162.51,66751.55,5.54632
1718582400000,66770.0,67237.97,65172.06,66494.54,23.89673
1718668800000,66540.94,66612.74,64141.52,65219.9,45.99829
1718755200000,65150.58,65692.38,64699.19,64943.29,19.09267
1718841600000,65012.33,66466.98,64378.72,64902.5,20.9434
1718928000000,64902.17,65034.99,63450.0,64111.49,16.46088
1719014400000,64167.44,64511.67,63944.8,64298.52,5.14808
1719100800000,64294.93,64500.0,63212.76,63216.34,8.13666
1719187200000,63216.36,63367.35,58888.0,60374.12,56.60208
1719273600000,60451.79,62412.57,60304.74,61814.43,25.63569
1719360000000,61824.25,62466.34,60743.33,60870.07,18.09068
1719446400000,60877.93,62409.2,60639.65,61665.0,21.21367
1719532800000,61686.71,62173.95,59972.2,60455.65,27.87772
1719619200000,60455.65,61217.95,60405.17,60947.08,10.04502
1719705600000,61013.63,63026.49,60705.86,62840.74,12.78231
1719792000000,62801.81,63834.03,62565.55,62919.99,18.39645
1719878400000,62918.83,63295.53,61842.24,62129.19,14.82248
1719964800000,62129.2,62290.71,59436.56,60250.0,26.65425
1720051200000,60193.75,60459.21,56822.23,56926.92,55.19832
1720137600000,57087.12,57518.68,53917.17,56721.54,53.02205
1720224000000,56685.06,58448.26,56052.4,58309.13,20.21332
1720310400000,58309.13,58400.45,55723.17,55855.27,22.8782
1720396800000,55905.14,58177.64,54300.0,56682.21,46.44439
1720483200000,56668.01,58251.51,56315.84,57969.12,24.24379
1720569600000,58009.17,59408.63,57158.9,57741.79,19.75977
1720656000000,57703.97,59528.48,57088.66,57396.65,20.98434
1720742400000,57342.63,58500.0,56564.44,57844.34,18.43678
1720828800000,57842.81,59686.95,57736.05,59238.96,28.84589
1720915200000,59163.51,61401.55,59152.0,60815.46,31.85256
1721001600000,60827.48,64709.17,60670.87,64588.45,52.84988
1721088000000,64682.7,65200.0,62415.87,65029.3,51.57905
1721174400000,65029.3,66068.12,63858.89,64130.63,36.60072
1721260800000,64129.49,65090.74,63263.5,63997.25,27.67695
1721347200000,63997.25,67351.47,63328.54,66659.4,45.16358
1721433600000,66667.7,67569.0,66200.0,67144.31,26.17116
1721520000000,67160.61,68203.04,65853.47,68011.05,24.18536
1721606400000,68011.06,68323.68,66604.33,67570.8,33.71691
1721692800000,67535.69,67716.39,65483.4,65910.29,23.64398
1721779200000,65911.04,67060.19,65172.05,65394.89,25.14517
1721865600000,65350.03,66000.0,63500.0,65716.16,33.26966
1721952000000,65782.98,68071.47,65723.84,67849.25,32.19296
1722038400000,67849.72,69357.98,66438.0,67869.19,48.26847
1722124800000,67831.5,68308.05,67279.97,68260.41,11.83829
1722211200000,68261.03,69900.0,66806.98,66822.0,47.63319
1722297600000,66808.93,66985.55,65529.57,66290.09,24.36048
1722384000000,66272.6,66827.02,64556.6,64623.68,25.56616
1722470400000,64622.54,65618.51,62500.0,65392.96,42.20251
1722556800000,65382.27,65556.01,61368.89,61536.09,58.77316
1722643200000,61536.03,62173.95,60000.0,60690.47,47.23268
1722729600000,60679.95,61110.2,57597.96,58156.48,44.2601
1722816000000,58156.48,58273.41,49633.02,53944.07,188.96567
1722902400000,54128.74,57023.03,53928.19,56025.43,54.9445
1722988800000,56035.48,57683.48,54556.39,55043.02,56.76048
1723075200000,55116.89,62710.86,54720.21,61678.13,81.60039
1723161600000,61767.21,61767.21,59646.19,60790.09,51.19567
1723248000000,60849.25,61394.58,60265.61,60933.58,11.38469
1723334400000,60948.43,61782.35,58390.37,58765.99,34.37578
1723420800000,58775.69,60500.0,57695.54,59305.49,31.83581
1723507200000,59405.26,61450.0,58447.75,60580.19,40.52611
1723593600000,60587.77,61736.77,58467.73,58652.81,47.40005
1723680000000,58719.09,59815.56,56125.52,57631.87,36.764
1723766400000,57646.33,59788.86,57209.13,58915.04,38.69012
1723852800000,58915.96,59628.81,58799.53,59480.58,23.30964
1723939200000,59492.08,60209.18,58603.3,58720.08,29.15937
1724025600000,58698.78,59579.18,58000.0,59479.09,25.5888
1724112000000,59500.89,61333.18,58600.0,59170.25,53.40748
1724198400000,59169.84,61788.34,58863.68,61191.09,30.03006
1724284800000,61190.98,61363.38,59689.26,60421.65,15.81746
1724371200000,60421.06,64900.0,60392.57,64020.9,45.76743
1724457600000,64012.9,64453.27,63577.35,64114.27,19.7742
1724544000000,64117.6,64995.32,63757.54,64250.24,9.2808
1724630400000,64264.6,64400.0,62836.95,62840.29,18.22041
1724716800000,62840.29,63216.0,58300.0,59558.1,40.6765
1724803200000,59527.27,60229.52,57974.92,59083.32,28.54832
1724889600000,59082.82,61141.79,58748.88,59365.65,22.52311
1724976000000,59365.62,59894.76,57700.01,59093.75,27.28534
1725062400000,59138.38,59455.2,58761.61,58975.29,7.78041
1725148800000,58975.27,59032.07,57250.0,57362.31,17.64663
1725235200000,57410.3,59362.82,57300.0,59137.23,19.57341
1725321600000,59137.23,59767.94,57500.0,57500.0,20.78069
1725408000000,57540.0,58521.24,55900.1,57949.95,34.03367
1725494400000,57950.0,58251.17,55800.0,56144.58,18.05303
1725580800000,56205.32,56956.38,52635.18,53944.13,62.77745
1725667200000,53985.43,54848.89,53791.6,54137.87,25.9983
1725753600000,54171.5,55250.0,53648.37,54810.82,19.8121
1725840000000,54877.2,58000.0,54601.32,57036.68,33.65932
1725926400000,57007.79,57881.16,56425.6,57668.97,13.46267
1726012800000,57596.22,57949.44,55661.03,57497.95,30.64867
1726099200000,57497.88,58445.58,57400.57,58067.31,33.72888
1726185600000,58067.31,60500.01,57636.86,60433.9,23.79421
1726272000000,60442.97,60489.0,59412.0,59999.97,13.87173
1726358400000,59951.11,60229.47,58690.41,59114.86,25.59568
1726444800000,59082.3,59157.89,57504.72,58274.77,23.78607
1726531200000,58260.63,61235.36,57700.0,60223.65,42.68394
1726617600000,60230.18,61600.0,59346.61,61480.81,39.53921
1726704000000,61480.86,63828.39,61480.83,62852.8,53.11906
1726790400000,62855.79,64077.58,62371.32,63163.2,31.95767
1726876800000,63163.2,63500.0,62744.21,63410.39,9.73374
1726963200000,63355.57,63864.64,62397.92,63599.71,18.77422
1727049600000,63600.0,64691.96,62617.72,63300.53,26.74522
1727136000000,63311.77,64631.67,62630.6,64257.06,27.57111
1727222400000,64287.82,64759.28,62950.77,63154.6,15.07354
1727308800000,63154.54,65731.19,62665.45,65051.65,33.80947
1727395200000,65122.4,66398.77,64848.0,65785.7,18.55198
1727481600000,65785.53,66229.72,65406.86,65908.11,8.96875
1727568000000,65906.83,66026.04,65419.19,65670.63,5.99992
1727654400000,65571.02,65645.89,62904.0,63291.96,28.97339
1727740800000,63292.04,64077.58,60515.92,60999.49,48.54306
1727827200000,60974.39,62318.65,60000.0,60630.7,25.06264
1727913600000,60731.27,61463.8,59901.67,60742.89,13.86032
1728000000000,60797.01,62379.71,60492.87,62042.3,19.36932
1728086400000,62042.3,62196.37,61655.7,61983.49,5.92717
1728172800000,61983.49,62825.4,61631.9,62807.02,11.08624
1728259200000,62757.67,64329.1,62159.31,62209.41,28.75472
1728345600000,62209.48,63171.42,61897.0,62195.18,22.16203
1728432000000,62194.21,62538.8,60350.0,60601.4,18.01261
1728518400000,60681.93,61292.4,58947.8,60240.36,17.44876
1728604800000,60241.25,63167.59,60097.95,62335.85,32.24241
1728691200000,62335.85,63437.6,62331.34,63138.19,12.2011
1728777600000,63170.0,63183.8,62072.94,62857.8,7.34499
1728864000000,62797.43,66289.4,62459.21,66022.65,41.97345
1728950400000,66111.08,67754.48,64851.43,67050.8,38.56613
1729036800000,67073.42,68252.0,66734.78,67602.34,23.27619
1729123200000,67602.34,67900.0,66662.69,67438.97,19.75877
1729209600000,67438.44,68970.06,67168.89,68367.24,24.48331
1729296000000,68367.37,68638.91,68045.52,68325.14,4.71292
1729382400000,68313.8,69100.0,68100.01,69029.51,11.78219
1729468800000,68929.97,69332.17,66850.0,67157.89,33.20545
1729555200000,67067.1,67801.05,66591.64,67317.44,25.76973
1729641600000,67443.85,67461.49,65295.86,66669.22,23.35138
1729728000000,66741.21,68798.03,66519.63,68214.69,39.35292
1729814400000,68123.67,68500.0,65800.0,66575.14,36.16697
1729900800000,66575.5,67414.82,66505.42,67148.24,5.82602
1729987200000,67085.03,68193.22,66923.38,67900.0,12.82663
1730073600000,67900.0,70000.0,67602.81,69903.53,48.18969
1730160000000,69721.94,73272.49,69641.89,72671.11,92.31967
1730246400000,72645.72,72910.61,71440.71,72475.12,32.53486
1730332800000,72472.22,72643.28,69800.0,70395.71,28.09572
1730419200000,70395.53,71576.76,68860.46,69489.17,34.26992
1730505600000,69564.42,69892.13,69068.71,69330.2,11.17855
1730592000000,69330.2,69330.2,67516.94,68724.23,36.05631
1730678400000,68638.78,69384.04,67000.0,67869.17,21.58528
1730764800000,67770.24,70500.0,67462.82,69303.4,26.58245
1730851200000,69449.54,76302.6,69449.46,75656.18,139.74061
1730937600000,75654.5,76844.8,74405.07,75920.18,44.33173
1731024000000,75918.16,77151.99,75600.0,76498.17,21.9
1731110400000,76498.15,76921.88,75700.0,76640.71,19.4063
1731196800000,76760.53,81497.77,76508.4,80452.94,88.327566
1731283200000,80429.87,89481.98,80210.58,88577.48,152.60364
1731369600000,88650.17,89884.92,83762.24,88105.48,146.8935
1731456000000,88074.77,93225.58,86200.0,90460.0,99.57222
1731542400000,90466.06,91708.3,86735.79,87313.65,65.64509
1731628800000,87318.83,91767.69,87067.4,91038.84,56.9823
1731715200000,90943.75,91779.81,90100.0,90592.63,28.74992
1731801600000,90407.34,91410.39,88750.0,89792.0,20.03041
1731888000000,89800.0,92520.46,89457.25,90385.23,50.57061
1731974400000,90596.96,93797.13,90385.07,92200.0,53.75206
1732060800000,92300.0,94787.99,91500.0,94308.41,46.48663
1732147200000,94308.41,98888.0,94000.28,98498.27,110.89539
1732233600000,98496.4,99489.97,97170.5,98896.0,51.53096
1732320000000,98942.12,98942.17,97170.49,97736.02,39.83309
1732406400000,97735.48,98558.0,95720.32,97700.51,32.97444
1732492800000,97908.56,98761.24,92701.07,93000.72,56.88105
1732579200000,93097.72,94994.3,90835.75,92025.55,40.0232
1732665600000,92012.34,97111.51,91776.68,95818.91,38.98033
1732752000000,95818.92,96556.18,94680.73,95715.15,12.20642
1732838400000,95712.22,98527.75,95361.22,97450.0,45.81161
1732924800000,97450.0,97450.0,95610.99,96479.44,23.07465
1733011200000,96469.7,97799.98,95733.01,97249.75,16.21856
1733097600000,97237.72,98034.51,94496.55,95882.52,45.6307
1733184000000,95882.51,96250.68,93612.4,95685.6,30.89814
1733270400000,95797.25,98780.0,94625.93,98738.82,54.55916
1733356800000,98514.31,103985.03,92617.1,96912.23,120.35959
1733443200000,97211.02,101700.74,96514.66,99752.61,39.07223
1733529600000,99752.04,100377.72,98943.65,99886.71,12.97548
1733616000000,99662.37,101251.4,98766.08,101159.43,17.95853
1733702400000,101189.57,101189.57,94183.05,97429.69,58.52567
1733788800000,97219.37,98200.0,94321.36,96541.23,39.40059
1733875200000,96550.0,101798.25,95662.47,101032.06,38.2594
1733961600000,101151.83,102448.96,99331.09,99958.06,39.67956
1734048000000,99999.98,101798.92,99244.97,101431.14,17.61944
1734134400000,101341.72,102652.48,100669.53,101443.21,11.09041
1734220800000,101442.4,104837.56,100528.0,104334.87,34.83359
1734307200000,104334.79,107758.14,103388.79,105960.71,41.40027
1734393600000,106067.69,108280.0,105400.0,106265.06,22.38117
1734480000000,106201.71,106495.47,100412.85,100548.76,36.58719
1734566400000,100412.86,102742.53,95734.49,97556.8,46.24763
1734652800000,97471.01,98209.08,92324.15,97724.79,32.37409
1734739200000,97739.09,99486.59,96439.23,97310.82,15.33437
1734825600000,97334.82,97395.71,94319.97,95119.37,15.16901
1734912000000,95119.43,96456.78,92597.45,94895.43,23.17077
1734998400000,94832.45,99403.67,93608.1,98688.64,42.20073
1735084800000,98735.76,99491.54,97676.28,99315.12,13.93173
1735171200000,99491.46,99842.45,95200.0,95840.79,10.13433
1735257600000,95703.14,97454.85,93564.06,94342.43,37.89425
1735344000000,94347.06,95651.55,94136.59,95340.32,16.75302
1735430400000,95344.41,95344.41,93088.7,93861.71,9.72045
1735516800000,93685.81,94955.7,91573.94,92821.32,23.39704
1735603200000,92804.77,96151.43,92097.87,93500.0,21.22961
1735689600000,93500.0,95073.76,92990.95,94701.87,18.38268
1735776000000,94650.2,97777.0,94394.34,96856.15,16.19636
1735862400000,96992.78,98897.97,96181.9,98186.71,14.51609
1735948800000,98186.71,98700.0,97556.8,98337.49,6.24329
1736035200000,98325.25,98777.0,97331.67,98300.03,7.9734
1736121600000,98380.0,102444.07,97991.59,102027.93,23.02844
1736208000000,102198.27,102695.99,96241.06,96864.97,19.97656
1736294400000,96977.78,97239.32,93000.0,95152.56,22.73457
1736380800000,95155.18,95407.6,91283.3,92386.9,21.90252
1736467200000,92449.35,95776.1,92323.04,94711.18,23.75525
1736553600000,94819.09,94965.04,93914.47,94537.11,2.63276
1736640000000,94640.43,95368.37,93780.12,94455.62,5.79766
1736726400000,94561.19,95860.0,89438.45,94443.68,25.581
1736812800000,94443.68,97264.98,94388.34,96535.75,22.63798
1736899200000,96648.12,100572.93,96500.04,100387.65,26.39697
1736985600000,100426.82,100779.68,97400.03,99877.55,20.19265
1737072000000,100098.21,105820.92,99887.62,104151.35,27.34479
1737158400000,104143.41,104973.51,102357.5,104499.99,18.01837
1737244800000,104499.98,106351.62,99746.8,101032.19,32.41567
1737331200000,101032.8,109461.87,99611.36,102342.18,77.06246
1737417600000,102053.68,107098.93,100252.09,105790.01,37.0956
1737504000000,106039.28,106277.14,103388.0,103876.07,17.10751
1737590400000,103873.95,106500.0,101300.0,103973.76,46.21467
1737676800000,104169.25,106900.0,102838.3,104829.35,19.52221
1737763200000,104829.35,105242.44,104158.83,104734.79,11.07415
1737849600000,104972.26,105444.31,102618.04,102618.04,9.09305
1737936000000,102618.04,103233.4,97916.0,102012.39,46.09866
1738022400000,102190.17,103666.07,100287.65,101396.65,39.86429
1738108800000,101240.09,104661.31,101240.09,103603.88,20.1484
1738195200000,103739.27,106300.0,103249.48,104789.27,22.39871
1738281600000,104789.26,105943.73,101331.0,102424.11,25.13432
1738368000000,102304.68,102779.42,100302.25,100594.76,14.85773
1738454400000,100541.08,101438.33,96501.73,97692.6,47.80603
1738540800000,97702.5,102326.68,92197.0,101437.32,73.28296
1738627200000,101437.3,101551.9,96192.62,97819.04,30.09747
1738713600000,97765.62,99039.92,96230.08,96595.25,14.45174
1738800000000,96626.82,99091.57,95758.35,96634.0,25.64917
1738886400000,96593.29,100076.82,95688.25,96463.26,14.2382
1738972800000,96485.43,96832.26,95733.43,96497.55,5.7043
1739059200000,96423.65,97239.32,94787.54,96426.86,7.86747
1739145600000,96514.66,98241.62,95352.94,97456.17,11.11821
1739232000000,97456.78,98373.39,94857.47,95748.61,17.28165
1739318400000,95725.29,98141.45,94246.95,97712.99,18.48643
1739404800000,97869.58,97999.96,95259.97,96550.39,12.40701
1739491200000,96678.54,98668.27,96300.01,97477.75,9.81035
1739577600000,97504.78,97945.12,97235.53,97571.43,3.55865
1739664000000,97525.26,97705.88,96084.62,96204.12,16.9849
1739750400000,96173.82,96962.35,95273.98,95732.21,7.62964
1739836800000,95799.82,96529.41,93459.81,95602.81,28.59013
1739923200000,95602.8,96907.91,95087.41,96650.01,7.34477
1740009600000,96708.99,98650.58,96463.86,98291.0,12.78433
1740096000000,98291.02,99390.16,94961.72,96216.79,14.30361
1740182400000,96218.96,96935.76,95818.94,96579.75,4.28707
1740268800000,96552.02,96698.33,95324.42,96213.12,7.85554
1740355200000,96299.99,96428.57,91425.0,91523.34,22.521
1740441600000,91628.74,92531.0,86144.04,88778.23,42.14887
1740528000000,88842.98,89313.89,82404.72,84136.57,21.43069
1740614400000,84237.48,87084.99,82785.18,84841.68,16.82006
1740700800000,84758.73,84985.85,78369.4,84253.48,39.13806
1740787200000,84573.84,86558.51,83805.23,86035.84,8.58168
1740873600000,86068.4,94980.32,85050.98,94369.84,25.33729
1740960000000,94369.84,94447.19,85176.88,86292.76,27.15318
1741046400000,86111.17,88871.23,81583.36,87241.5,32.67672
1741132800000,87427.55,90856.13,86477.72,90301.74,15.22542
1741219200000,90302.56,92679.48,87914.91,89990.91,14.00515
1741305600000,90057.07,91173.96,84805.05,86791.4,22.37703
1741392000000,86792.12,86911.18,85368.9,86211.33,4.37984
1741478400000,86167.26,86492.35,80084.75,80672.47,21.22389
1741564800000,80784.64,83985.5,77569.0,78554.25,18.90076
1741651200000,78649.06,83609.81,76666.0,82745.07,25.43353
1741737600000,82751.14,84360.96,80660.06,83591.37,8.30832
1741824000000,83623.5,84274.75,80000.0,81060.15,11.79027
1741910400000,81231.1,85248.42,80917.6,83985.53,20.68728
1741996800000,84240.04,84685.02,83689.6,84304.35,2.58952
1742083200000,84380.4,84963.79,82113.0,82560.05,8.85902
1742169600000,82612.8,84683.79,82552.49,84148.02,6.83224
1742256000000,83873.06,83976.96,81254.43,82727.84,10.99294
1742342400000,82598.79,86897.97,82598.79,86886.37,18.19578
1742428800000,86886.11,87260.23,83686.54,84219.85,10.68675
1742515200000,84252.41,84750.74,83317.82,84127.99,11.90524
1742601600000,84068.85,84517.06,83726.5,83840.45,1.71482
1742688000000,83853.19,86000.0,83777.7,86000.0,3.6345
1742774400000,86000.0,88736.23,85535.82,87320.92,16.60369
1742860800000,87222.37,88470.57,86382.43,87366.31,9.83788
1742947200000,87439.22,88206.13,85897.93,86907.83,26.01118
1743033600000,86942.42,87738.64,85867.2,87154.52,7.19935
1743120000000,87168.9,87382.03,83673.61,84448.09,26.84084
1743206400000,84448.09,84587.67,81722.86,82591.64,6.04509
1743292800000,82650.13,83501.42,81664.4,82400.08,9.87574
1743379200000,82395.34,83874.74,81366.47,82491.65,9.65499
1743465600000,82488.72,85517.76,82435.06,85190.39,19.13686
1743552000000,85211.47,88369.07,82378.04,82632.01,17.56337
1743638400000,82532.0,83963.32,81287.95,83160.74,17.60285
1743724800000,83229.83,84683.79,81760.42,83927.92,18.68972
1743811200000,83927.92,84234.56,82500.0,83571.98,6.81769
1743897600000,83568.77,83752.02,77250.01,78393.4,23.08135
1743984000000,78478.36,81188.05,74557.35,79173.16,35.71347
1744070400000,79194.49,80832.79,76252.87,76587.58,12.0529
1744156800000,76371.79,83500.0,74750.0,82615.86,45.22867
1744243200000,82630.89,82679.4,78500.57,79746.03,21.48016
1744329600000,79599.65,84178.37,79051.6,83461.25,27.2678
1744416000000,83470.87,85796.71,82839.87,85245.37,10.65534
1744502400000,85323.11,86000.0,83070.53,83782.86,10.02727
1744588800000,83764.2,85759.9,83753.02,84605.87,7.22805
1744675200000,84666.43,86382.4,83588.98,83660.82,7.96334
1744761600000,83667.32,85449.34,83158.08,84098.68,6.97823
1744848000000,84036.36,85380.46,83807.29,84956.18,6.1077
1744934400000,84962.02,85051.01,84342.69,84490.33,2.68785
1745020800000,84501.4,85585.43,84366.9,85145.75,4.92604
1745107200000,85094.42,85325.15,84004.77,85175.29,7.15852
1745193600000,85175.11,88323.46,85175.11,87486.03,15.82654
1745280000000,87596.43,93811.06,87108.06,93456.34,26.68038
1745366400000,93415.66,94465.85,91961.96,93510.87,11.56943
1745452800000,93745.06,93952.73,91707.55,93900.61,8.39087
1745539200000,93918.83,95700.0,92884.2,94654.29,20.47032
1745625600000,94650.82,95192.67,93916.03,94650.55,6.01739
1745712000000,94571.62,95261.04,93667.9,93713.37,5.7866
1745798400000,93741.01,95500.0,92780.71,94977.99,5.88355
1745884800000,94947.95,95440.07,93800.0,94273.77,3.6118
1745971200000,94195.44,95199.99,92949.01,94239.99,5.17508
1746057600000,94234.07,97471.54,94155.46,96522.73,10.67263
1746144000000,96518.54,97854.29,96345.97,96817.12,9.33089
1746230400000,96916.98,96916.99,95800.0,95935.69,5.46525
1746316800000,95828.83,96292.95,94298.15,94333.24,6.06496
1746403200000,94298.15,95156.9,93583.33,94761.09,6.22519
1746489600000,94697.65,96862.65,93425.52,96792.88,7.32098
1746576000000,96854.61,97532.08,95843.03,97000.0,6.66019
1746662400000,97000.03,103971.96,96917.0,103107.77,31.00166
1746748800000,103121.22,104166.28,102304.63,102999.85,8.62746
1746835200000,102999.96,104892.63,102771.76,104688.81,10.31696
1746921600000,104708.68,104892.63,103379.82,104085.76,10.07811
1747008000000,104085.76,105718.14,100757.08,102795.44,22.90479
1747094400000,102995.82,104973.24,101488.21,104249.89,9.83284
1747180800000,104144.46,104258.02,102591.04,103523.82,5.6268
1747267200000,103522.43,104099.96,101456.73,103851.28,15.83668
1747353600000,103791.23,104485.87,103166.34,103397.56,5.45321
1747440000000,103510.15,103680.99,102618.04,103103.36,3.97569
1747526400000,103137.37,106452.63,103065.62,106452.63,17.8504
1747612800000,106452.63,106953.35,102089.43,105656.99,17.91105
1747699200000,105637.6,107000.0,104226.22,106700.0,18.516
1747785600000,106803.18,110268.76,106185.74,109578.68,60.84036
1747872000000,109593.03,111945.48,109246.53,111699.0,27.53298
1747958400000,111698.95,111766.14,106862.04,107306.01,16.27045
1748044800000,107363.84,109432.68,106915.38,107839.94,10.1739
1748131200000,107839.73,109291.08,106687.21,108917.86,7.52011
1748217600000,108956.56,110371.05,108700.0,109435.45,6.06525
1748304000000,109456.61,110688.47,107494.41,108949.43,11.4995
1748390400000,108879.08,109390.99,106880.0,107747.33,12.42237
1748476800000,107746.82,108843.86,105413.06,105703.38,13.44264
1748563200000,105702.53,106211.6,103665.04,104071.8,16.91291
1748649600000,104179.86,104877.45,102906.0,104612.5,13.08431
1748736000000,104662.05,105813.97,103751.93,105571.94,4.77282
1748822400000,105609.6,105917.06,103673.88,105860.43,7.15188
1748908800000,105768.14,106761.46,104909.52,105317.93,8.9004
1748995200000,105390.06,105973.03,104216.01,104671.87,7.91864
1749081600000,104740.79,105932.94,100425.95,101498.5,26.6379
1749168000000,101498.58,105255.62,101151.9,104301.01,6.72888
1749254400000,104364.9,105900.0,103853.14,105500.0,4.45594
1749340800000,105500.0,106382.5,105034.44,105790.58,4.99884
1749427200000,105742.83,110183.09,105350.66,110101.01,16.11494
1749513600000,110101.01,110187.0,108344.15,110183.11,10.04875
1749600000000,110080.71,110342.38,108131.79,108625.0,28.68112
1749686400000,108688.9,108810.58,105708.18,105708.18,11.01834
1749772800000,105703.2,106130.99,102711.06,106043.25,9.68701
1749859200000,106060.59,106189.14,104347.27,105410.13,5.84783
1749945600000,105410.21,106148.86,104500.47,105540.14,9.26422
1750032000000,105520.11,108833.3,105025.92,106825.99,8.7038
1750118400000,106766.12,107685.15,103152.0,104613.46,10.59169
1750204800000,104644.26,105480.47,103584.45,104879.86,6.98336
1750291200000,104960.31,105234.56,104000.0,104720.21,3.22059
1750377600000,104685.72,106531.74,102382.9,103320.72,8.34339
1750464000000,103270.88,103950.49,100935.45,101976.53,11.88115
1750550400000,101976.53,103323.86,98254.52,100900.6,16.35122
1750636800000,100871.62,105883.31,99594.16,105491.81,13.90767
1750723200000,105394.97,106156.86,104606.93,105903.87,5.6589
1750809600000,106000.0,108095.04,105767.25,107179.03,8.44253
1750896000000,107286.68,108209.12,106642.93,107013.01,3.72214
1750982400000,106863.96,107648.34,106414.03,107000.01,4.72325
1751068800000,107095.18,107577.07,106760.82,107325.32,2.71379
1751155200000,107342.78,108473.62,107152.5,108296.9,5.90259
1751241600000,108382.69,108746.16,106766.08,107214.96,7.15576
1751328000000,107067.23,107471.65,105329.35,105668.01,9.2903
1751414400000,105551.07,109650.0,105157.89,108702.81,40.85441
1751500800000,108688.03,110493.51,108119.95,109628.73,58.38001
1751587200000,109535.81,109715.96,107267.71,107947.38,9.38189
1751673600000,107944.22,108341.84,107766.83,108260.0,2.14643
1751760000000,108264.81,109600.0,107837.71,109216.4,4.00379
1751846400000,109121.93,109656.72,107570.0,108216.12,9.12461
1751932800000,108216.38,109200.0,107500.0,108988.53,5.78959
1752019200000,108887.33,111934.84,108343.24,111475.16,52.85283
1752105600000,111294.24,116733.15,110584.71,116038.0,45.5715
1752192000000,116037.86,118808.0,115269.73,117426.49,13.13519
1752278400000,117607.65,118122.93,116975.25,117393.39,4.74331
1752364800000,117441.77,119384.16,117254.7,119098.77,9.53794
1752451200000,119073.56,123119.12,118876.01,119878.79,28.32175
1752537600000,119857.16,119966.27,115824.13,117680.43,19.55454
1752624000000,117737.65,120000.0,117074.83,118585.41,34.23481
1752710400000,118596.64,120777.09,117454.83,119197.83,13.85371
1752796800000,119197.78,120674.59,116876.18,117885.51,20.28515
1752883200000,117979.11,118458.82,117313.28,117796.0,10.68562
1752969600000,117796.0,118835.18,116544.15,117232.91,6.02824
1753056000000,117145.08,119510.73,116579.16,117480.91,16.67709
1753142400000,117336.01,120169.05,116178.21,119999.61,13.55016
1753228800000,119962.95,120588.88,117312.27,118620.89,52.71078
1753315200000,118620.89,119380.0,117152.37,118322.03,4.81534
1753401600000,118371.13,118452.33,114771.42,117577.4,13.08272
1753488000000,117577.41,118249.99,117198.34,117850.0,2.84801
1753574400000,117850.0,119703.32,117797.0,119395.67,6.01207
1753660800000,119395.67,119744.14,117499.0,118080.54,6.4196
1753747200000,117993.85,119201.97,117022.08,117875.98,9.33523
1753833600000,117953.73,118667.71,115546.47,117880.12,7.34164
1753920000000,117700.22,118830.0,115500.0,115660.09,7.50063
1754006400000,115603.25,116046.58,112749.73,113343.12,12.71927
1754092800000,113343.12,114050.6,112000.0,112784.96,17.78301
1754179200000,112493.97,114754.77,111931.24,114126.62,6.23159
1754265600000,114251.79,115643.93,114101.01,115176.19,17.9339
1754352000000,115080.31,115166.98,112711.29,114191.49,7.88577
1754438400000,114186.13,115675.8,112750.4,115054.66,145.60077
1754524800000,115054.3,117610.87,114284.37,117499.31,3.80871
1754611200000,117499.31,117664.42,115897.93,116929.14,4.25432
1754697600000,116918.75,117871.54,116369.0,116469.0,4.58556
1754784000000,116469.01,119253.82,116469.01,118980.47,10.40972
1754870400000,119212.55,122262.32,118156.59,118808.69,20.53702
1754956800000,118805.18,120266.64,118306.75,120266.64,109.41264
1755043200000,120084.34,123597.0,118945.0,123109.9,16.63289
1755129600000,123122.21,124366.55,117511.79,118094.4,19.58573
1755216000000,118286.15,119000.0,116839.76,117335.65,151.24918
1755302400000,117313.89,117893.01,117156.45,117385.76,1.82312
1755388800000,117374.02,118500.0,117214.69,117444.35,2.95145
1755475200000,117421.21,117574.48,114850.0,116540.82,8.17803
1755561600000,116214.8,116789.1,113000.0,113000.0,11.05106
1755648000000,113000.0,114748.52,112500.0,114647.28,8.87539
1755734400000,114231.75,114797.48,112118.13,112356.62,4.7631
1755820800000,112358.02,117381.23,111789.0,116924.55,10.77072
1755907200000,116924.56,118000.0,114798.62,115500.01,66.21665
1755993600000,115500.02,115699.98,110826.45,113400.01,80.73884
1756080000000,113400.01,113543.14,109328.0,110393.58,15.78654
1756166400000,110088.09,112315.57,108756.91,111761.32,6.98554
1756252800000,112075.57,112599.99,110408.71,111486.86,3.38324
1756339200000,111486.19,113432.26,110950.82,112585.59,3.55173
1756425600000,112581.77,112681.88,107561.81,108401.64,6.5156
1756512000000,108304.0,108982.28,107443.08,108569.75,7.36872
1756598400000,108899.24,109502.66,108131.69,108432.11,2.97533
1756684800000,108136.0,109894.03,107313.41,109061.86,9.46011
1756771200000,109330.91,111702.41,108435.03,111276.18,6.09127
1756857600000,111283.72,112539.64,110572.48,111960.28,3.92473
1756944000000,111631.15,112298.25,108784.0,110609.51,7.28996
1757030400000,110609.76,113294.17,108669.97,110576.38,4.72303
1757116800000,110583.53,111227.84,109729.0,110129.22,6.1591
1757203200000,110231.53,111567.87,110013.17,111489.92,3.36216
1757289600000,111079.43,112851.35,110708.95,111951.09,3.22662
1757376000000,112371.19,113299.97,110780.17,111584.15,4.82811
1757462400000,111500.0,114217.95,110844.2,113996.01,6.9418
1757548800000,113999.95,115445.0,113500.01,115410.52,53.03211
1757635200000,115445.0,116666.65,114828.04,116186.2,5.44081
1757721600000,116186.06,116340.47,114500.0,115968.46,4.65355
1757808000000,115969.18,116126.19,115113.91,115555.39,3.97522
1757894400000,115550.3,116644.05,114427.37,115259.04,3.26029
1757980800000,115481.78,116962.99,114847.53,116860.6,4.99215
1758067200000,116860.59,117278.52,114754.79,116571.74,32.68094
1758153600000,116570.2,117800.0,115500.0,116906.28,8.96265
1758240000000,117287.53,117472.66,115136.99,115623.64,5.5991
1758326400000,115404.8,116123.15,115352.0,115814.94,2.80966
1758412800000,115804.86,115963.67,115229.33,115459.7,1.81073
1758499200000,115250.83,115449.99,111925.96,112805.24,11.17049
1758585600000,112645.69,113119.57,111079.46,111917.91,65.54167
1758672000000,111918.38,113882.3,111079.47,113223.27,6.59604
1758758400000,113337.87,113556.84,108221.0,108906.81,92.79827
1758844800000,108847.85,110350.0,108228.0,109725.04,80.98219
1758931200000,109723.92,109804.76,109067.06,109558.06,1.92145
1759017600000,109753.16,112226.72,109200.0,112083.01,5.55279
1759104000000,111958.17,114349.99,111490.24,114332.5,9.13387
1759190400000,114349.97,115519.99,112684.53,114149.05,65.89568
1759276800000,114149.04,118498.89,113500.0,118482.95,90.26325
1759363200000,118477.94,121000.0,118298.1,120559.88,113.28039
1759449600000,120559.85,123703.93,119320.59,122288.94,25.72266
1759536000000,122288.42,122655.94,121509.06,122375.0,3.66914
1759622400000,122380.23,125493.63,122008.95,123294.13,19.01959
1759708800000,123530.38,125999.0,123126.55,124797.86,15.07989
1759795200000,124620.35,125079.21,120663.78,121329.51,15.06214
1759881600000,121329.48,124126.6,121132.18,123455.27,14.90663
1759968000000,123455.15,123677.67,119788.83,121658.66,10.71427
1760054400000,121658.58,122478.31,110621.07,113189.88,31.74604
1760140800000,113189.97,113423.82,109278.0,110519.44,121.50406
1760227200000,110519.52,115685.35,109597.64,115252.21,13.76613
1760313600000,114910.0,115876.47,113843.34,115290.6,10.99641
1760400000000,115285.38,115300.0,109843.95,113055.15,11.75516
1760486400000,113355.98,115000.0,110192.0,111188.73,56.56455
1760572800000,111188.68,111935.62,107518.4,107998.02,235.13995
1760659200000,108288.43,109215.88,103800.0,106721.75,24.40457
1760745600000,106715.43,107385.82,106368.11,106959.99,4.79624
1760832000000,107207.1,109412.23,106108.0,108455.55,7.79803
1760918400000,108820.95,111631.1,107466.61,110519.56,10.41088
1761004800000,110475.46,113893.72,107519.06,108594.71,11.47998
1761091200000,108329.95,109631.42,106745.4,107586.53,105.61791
1761177600000,107586.56,111266.46,107486.95,110070.09,98.71822
1761264000000,110069.99,111935.97,109698.11,111030.0,6.68751
1761350400000,110942.07,111882.18,110500.8,111683.45,1.624
1761436800000,111370.5,115281.19,111190.13,114687.19,4.97798
1761523200000,114686.07,116266.27,113876.19,114210.0,5.56517
1761609600000,113923.68,116000.0,112251.72,112858.98,7.98826
1761696000000,112858.99,113616.07,109357.82,110145.05,12.65988
1761782400000,110143.82,111544.84,106306.83,108301.73,10.88125
1761868800000,108333.27,111113.46,108297.24,109740.02,4.79517
1761955200000,109739.4,110571.05,109368.37,110000.17,2.58082
1762041600000,110180.35,111234.51,109500.0,110675.77,1.33874
1762128000000,110719.97,110750.32,105352.99,106350.88,22.16319
1762214400000,106352.22,107278.39,99000.03,101752.18,38.55566
1762300800000,101380.85,104500.0,99000.0,104097.61,17.75276
1762387200000,103816.47,104126.07,100380.68,101449.54,12.12166
1762473600000,101444.75,104037.99,99301.26,103700.0,14.03899
1762560000000,103364.1,103595.71,101512.3,102473.99,3.88394
1762646400000,102472.89,105499.99,101419.94,104904.38,4.86357
1762732800000,104900.18,106633.78,104371.8,106194.85,12.31884
1762819200000,105934.44,107428.72,102500.04,103208.79,7.75398
1762905600000,103204.83,105311.48,100850.0,101783.24,5.23829
1762992000000,101680.01,104022.2,98066.09,99943.75,21.54469
1763078400000,99943.16,99943.16,94106.25,94740.41,25.11582
1763164800000,94395.35,96763.37,94395.35,95519.21,4.54305
1763251200000,95530.85,96715.83,93000.01,94299.99,8.81589
1763337600000,94290.56,95948.96,91325.11,92271.38,21.16073
1763424000000,92015.16,93790.0,89365.82,92944.17,28.51729
1763510400000,92730.02,92939.17,88622.68,91240.41,16.83416
1763596800000,91533.42,93102.64,86146.12,87062.01,29.97528
1763683200000,86808.65,87622.16,80811.38,85003.21,46.71717
1763769600000,85004.36,85572.35,83571.96,84670.71,6.66205
1763856000000,84890.99,88141.12,84636.8,86982.78,12.34897
1763942400000,86983.02,89239.96,85352.71,88512.08,16.40416
1764028800000,88312.39,88510.85,86212.12,87573.26,12.896
1764115200000,87331.92,90600.57,86354.66,90577.72,11.86205
1764201600000,90574.6,91945.46,90144.7,91452.2,7.7946
1764288000000,91268.49,93068.58,90242.93,90921.52,7.14297
1764374400000,90804.65,91158.03,90211.71,90878.9,5.12862
1764460800000,90868.68,91970.37,90419.25,90589.87,3.55648
1764547200000,90368.32,90586.46,83876.63,86249.78,21.77684
1764633600000,86499.16,92211.29,86205.75,91550.01,11.30193
1764720000000,91264.68,94093.38,91037.58,93747.41,13.46152
1764806400000,93414.85,94068.87,90932.86,92125.79,10.53582
1764892800000,92291.3,92669.99,88148.23,89094.11,8.06633
1764979200000,89395.49,90234.24,88939.05,89422.79,4.04298
1765065600000,89416.57,91707.55,87784.33,90419.25,5.34398
1765152000000,90233.88,92257.78,89675.81,90817.84,7.06437
1765238400000,90551.18,94629.02,89510.8,92974.58,35.81223
1765324800000,92572.99,94491.53,91599.99,91946.89,13.82233
1765411200000,91951.14,93496.9,89339.11,92596.49,10.26806
1765497600000,92593.75,92715.7,89521.4,90294.75,10.62295
1765584000000,90366.99,90681.45,89822.51,90298.85,5.58581
1765670400000,90298.72,90463.27,87645.64,88314.15,13.97374
1765756800000,88310.63,89999.85,85111.26,86486.12,16.63779
1765843200000,86379.42,88111.1,85248.37,87630.85,6.56303
1765929600000,87877.6,90268.05,85336.0,86283.3,18.2546
1766016000000,86283.19,89494.76,84583.57,85300.0,15.52942
1766102400000,85563.43,89337.52,85185.26,88196.84,7.57817
1766188800000,88199.54,88548.26,87902.99,88394.5,1.60953
1766275200000,88394.22,89044.73,87650.0,88656.95,3.04908
1766361600000,88657.31,90500.0,87955.14,88304.51,23.01041
1766448000000,88601.69,88900.57,86611.31,87328.71,7.50012
1766534400000,87600.71,88137.63,86499.44,87826.28,6.31353
1766620800000,87652.01,88591.99,87020.76,87460.82,5.23838
1766707200000,87080.44,89512.3,86748.15,87338.29,4.06023
1766793600000,87488.46,87931.94,87274.76,87931.94,2.86545
1766880000000,87708.15,88067.4,87483.78,87724.87,2.96964
1766966400000,87971.99,90340.42,86809.06,87200.26,13.76117
1767052800000,87341.49,89337.52,86842.37,88432.11,14.70292
1767139200000,88544.43,89111.76,87324.16,87709.88,17.18336
1767225600000,87699.89,88879.31,87496.63,88872.33,8.32933
1767312000000,88878.3,91000.0,88422.7,89945.17,572.03238
1767398400000,90154.24,90729.46,89312.01,90711.43,99.46572
1767484800000,90489.46,91766.74,90488.98,91500.0,27.08048
1767571200000,91524.4,95500.0,91524.4,94114.96,128.14658
1767657600000,94114.41,94405.82,91337.32,93794.39,7.58852
1767744000000,93798.25,93798.26,90800.0,91400.76,97.04002
1767830400000,91397.11,91669.94,89313.46,91110.36,8.31383
1767916800000,91110.39,91981.87,89774.33,90498.43,5.30259
1768003200000,90726.52,90848.34,90357.62,90433.54,3.45856
1768089600000,90444.88,91302.06,90396.56,90982.41,2.07479
1768176000000,90982.41,92470.88,90229.12,91258.72,12.91423
1768262400000,91306.98,96052.22,91057.81,95389.66,27.42277
1768348800000,95511.29,97891.41,94595.26,97013.66,26.67119
1768435200000,96970.71,97162.69,95069.0,95583.08,21.93646
1768521600000,95586.35,95859.81,94281.12,95571.68,9.44332
1768608000000,95562.89,95642.81,95044.61,95139.13,18.60834
1768694400000,95143.44,95529.16,93591.22,93752.57,16.16205
1768780800000,93675.57,93675.57,92000.0,92628.77,21.72921
1768867200000,92628.77,92862.51,87952.88,88416.88,85.45844
1768953600000,88431.3,90525.35,87270.38,89615.97,84.5607
1769040000000,89611.29,90412.12,88537.08,89579.27,8.88237
1769126400000,89580.02,91237.15,88603.57,89626.83,25.54446
1769212800000,89589.59,89932.85,89176.0,89272.04,6.63083
1769299200000,89248.83,89334.27,86094.07,86649.27,28.89567
1769385600000,86656.43,88883.79,86526.88,88357.77,30.90341
1769472000000,88368.81,89535.66,87320.26,89260.5,18.23758
1769558400000,89226.8,90561.14,88860.19,89249.46,26.62084
1769644800000,89283.05,89285.78,83386.1,84684.39,52.53747
1769731200000,84719.4,84737.88,81143.63,84240.31,30.46529
1769817600000,84200.0,84259.18,75700.64,78805.8,44.96054
1769904000000,78757.93,79392.0,75753.24,76934.4,43.27338
1769990400000,77040.76,79358.24,74619.83,78794.56,66.70285
1770076800000,78684.71,79163.46,72979.63,75751.88,42.72044
1770163200000,75640.66,76952.65,71863.74,73160.68,54.38735
1770249600000,73152.73,73317.57,62345.0,62754.09,97.56073
1770336000000,63049.1,71679.58,60075.49,70588.22,70.38786
1770422400000,70581.27,71904.0,67382.95,69310.38,26.57461
1770508800000,69313.99,72250.87,68900.0,70315.68,14.88128
1770595200000,70394.02,71468.47,68327.96,70120.2,13.82086
1770681600000,70176.91,70500.24,67932.62,68837.86,8.84419
1770768000000,68853.63,69292.1,65760.38,67087.89,20.26825
1770854400000,67060.2,68405.77,65134.18,66252.28,18.59806
1770940800000,66253.16,69441.45,65867.89,68866.62,19.86859
1771027200000,68872.16,70543.95,68755.06,69840.4,13.34614
1771113600000,69850.29,70968.62,68074.56,68817.98,13.99274
1771200000000,68779.35,70061.79,67338.32,68833.27,5.37264
1771286400000,68861.26,69207.84,66600.0,67498.2,7.97568
1771372800000,67506.5,68446.92,65863.27,66445.59,41.06279
1771459200000,66461.31,67300.0,65649.99,66970.73,27.72911
1771545600000,66948.19,68300.0,66483.69,68022.85,32.4059
1771632000000,68026.06,68696.22,67519.63,68023.17,18.5158
1771718400000,67984.38,68290.47,67190.1,67637.42,14.29408
1771804800000,67669.83,67678.51,63909.62,64665.99,46.41931
1771891200000,64643.74,64990.56,62550.79,64024.6,49.92398
1771977600000,64072.62,70100.0,63910.91,67957.93,76.5044
1772064000000,67991.86,68859.67,66535.11,67481.4,58.42412
1772150400000,67468.08,68206.36,64979.52,65882.98,55.47295
1772236800000,65848.73,67729.87,63047.83,66954.13,71.5751
1772323200000,66990.4,68200.0,65050.37,65721.17,64.27127
1772409600000,65792.28,70100.0,65280.48,68811.43,59.08408
1772496000000,68881.13,69247.84,66171.2,68263.23,82.71953
1772582400000,68244.81,74038.22,67416.72,72747.38,98.37318
1772668800000,72701.61,73565.0,70644.77,70858.6,47.54871
1772755200000,70894.73,71397.25,67763.0,68118.25,56.62007
1772841600000,68127.77,68550.69,66933.55,67264.19,14.52701
1772928000000,67289.13,68189.23,65627.02,66007.38,20.09917
1773014400000,65992.98,69519.89,65889.08,68374.92,24.43393
1773100800000,68404.53,71774.18,68404.53,69937.15,45.54632
1773187200000,69900.7,71294.05,68976.27,70192.65,15.65115
1773273600000,70207.97,70773.27,69222.5,70489.42,8.58621
1773360000000,70457.74,73895.52,70434.09,70968.63,42.71655
1773446400000,70877.84,71296.8,70355.0,71211.28,2.86668
1773532800000,71188.82,73181.72,70893.99,72741.88,11.42427
1773619200000,72879.1,74900.0,72307.49,74879.98,18.90012
1773705600000,74821.7,76100.0,73555.0,73908.83,85.26823
1773792000000,73928.58,74609.55,70500.01,71256.1,62.52122
1773878400000,71206.97,71621.51,68791.95,69977.88,26.91106
1773964800000,69934.16,71347.2,69408.43,70494.62,14.39622
1774051200000,70549.42,71086.48,68571.95,68747.47,6.66508
1774137600000,68803.76,69559.98,67377.05,67865.47,14.81952
1774224000000,67973.97,71791.26,67462.39,70910.84,14.71007
1774310400000,70905.56,71391.3,68939.16,70601.73,11.79441
1774396800000,70585.02,72000.0,70416.68,71334.09,10.37915
1774483200000,71354.83,71442.33,68176.03,68807.52,27.56648
1774569600000,68811.34,69147.69,65575.53,66428.47,12.96957
1774656000000,66397.35,67270.06,65942.22,66393.38,4.69055
1774742400000,66392.25,67076.91,65019.11,66070.33,9.02119
1774828800000,66059.67,68133.88,65813.42,66794.15,12.1987
1774915200000,66794.14,68578.3,66000.0,68297.52,12.58534
1775001600000,68245.47,69279.48,67599.08,68106.86,11.64256
1775088000000,68114.37,68643.48,65722.83,66887.48,56.58865
1775174400000,66960.28,67336.72,66302.08,66939.09,70.85935
1775260800000,66951.36,67540.0,66625.78,67303.95,64.77819
1775347200000,67306.28,69123.42,66642.35,69007.23,6.82531
1775433600000,69047.2,70358.65,68332.71,68878.64,135.00959
1775520000000,68828.55,72745.83,67755.5,71964.45,31.36073
1775606400000,71956.27,72845.48,70723.97,71078.16,25.88861
1775692800000,71028.7,73131.98,70491.91,71831.7,24.792
1775779200000,71795.56,73444.64,71451.38,72959.51,27.98135
1775865600000,72914.22,73799.95,72533.9,73052.08,8.32805
1775952000000,73026.13,73143.07,70537.99,70726.65,8.52756
1776038400000,70693.47,74892.0,70534.21,74496.7,45.80404
1776124800000,74421.25,76039.16,73847.99,74158.73,34.59392
1776211200000,74151.75,75400.0,73550.5,74806.49,23.78278
1776297600000,74821.0,75507.54,73322.57,75099.58,31.64444
1776384000000,75122.22,78304.82,74568.28,77097.65,43.03798
1776470400000,77054.77,77381.47,75437.68,75714.23,7.78257
1776556800000,75752.54,76197.96,73756.7,73793.74,5.35955
1776643200000,73756.7,76538.06,73740.31,75853.48,13.35006
1776729600000,75844.93,76925.97,74828.7,76305.28,10.24345
1776816000000,76373.03,79452.89,76141.92,78208.89,15.42087
1776902400000,78193.38,78651.8,76965.05,78254.34,10.16122
1776988800000,78265.13,78563.95,77234.23,77438.57,5.48203
1777075200000,77411.22,77870.13,77165.67,77610.68,4.42702
1777161600000,77631.64,78920.0,77340.15,78626.16,7.57341
1777248000000,78658.01,79448.45,76491.06,77373.7,17.78239
1777334400000,77326.95,77479.58,75674.97,76332.32,4.66795
1777420800000,76350.43,77857.1,74916.16,75792.81,8.9427
1777507200000,75800.33,76641.13,75316.36,76327.21,8.23807
1777593600000,76354.39,78920.7,76354.39,78235.09,16.30237
1777680000000,78235.09,79143.4,78043.73,78674.91,4.74321
1777766400000,78702.31,79427.87,78090.04,78565.73,8.90491
1777852800000,78500.0,80739.02,78230.48,79858.72,36.33666
1777939200000,79856.96,81770.35,79798.03,80933.1,18.54454
1778025600000,80870.12,82807.0,80767.49,81444.83,85.47218
1778112000000,81434.94,81696.49,79500.01,80034.95,29.41162
1778198400000,80038.55,80466.11,79244.31,80205.47,15.01978
1778284800000,80180.3,81069.59,80000.0,80697.78,18.7977
1778371200000,80698.89,82447.41,79537.17,82154.4,26.05082
1778457600000,82262.15,82288.4,80489.51,81774.05,17.07134
1778544000000,81730.0,81801.36,79865.3,80483.2,13.7369
1778630400000,80490.16,81309.42,78776.88,79329.71,103.548
1778716800000,79335.34,82030.33,78954.14,81077.62,49.66583
1778803200000,81106.4,81721.21,78670.4,79112.25,37.37923
1778889600000,79094.24,79236.97,77634.48,78154.97,43.24583
1778976000000,78210.51,78575.36,76750.23,77436.87,39.85161
1779062400000,77451.16,77778.11,76067.0,77006.42,65.87529
1779148800000,77006.42,77367.62,76153.56,76833.85,30.44971
1779235200000,76901.97,77835.07,76527.01,77542.46,28.60946
1779321600000,77575.77,78175.08,76750.0,77609.93,28.98345
1779408000000,77638.44,77891.23,75354.82,75555.7,61.03509
1779494400000,75543.03,77393.4,74320.0,76772.08,36.8716
1779580800000,76775.63,77516.96,76103.72,77098.76,53.12175
1779667200000,77127.41,77875.41,76906.95,77347.56,31.9473
1779753600000,77299.39,78064.22,75692.44,75924.57,32.14015
1779840000000,75976.17,76150.08,74251.16,74467.65,30.35972
1779926400000,74447.63,74592.59,72609.2,73622.27,33.75849
1780012800000,73682.44,74368.12,72533.9,73481.41,42.20295
1780099200000,73490.03,74224.3,73230.63,73850.05,51.05945
1780185600000,73878.76,74404.68,73381.32,73672.19,21.6478
1780272000000,73689.31,74082.52,70698.91,71419.55,35.47658
1780358400000,71423.27,71423.27,66200.0,66764.81,107.2219
1780444800000,66749.69,67500.0,64106.48,64151.82,70.18028
1780531200000,64119.11,64747.52,61392.86,63892.97,93.68156
1780617600000,63842.16,63971.29,59137.18,61106.88,165.98453
1780704000000,61110.57,61510.96,59500.0,60908.45,53.60143
1780790400000,60865.45,64210.49,60760.3,63303.49,74.67189
1780876800000,63303.49,64210.53,62434.41,63107.85,74.98358
1780963200000,63072.57,63506.75,60794.57,61712.86,60.047
1781049600000,61715.85,62850.0,60795.01,61519.3,57.50149
1781136000000,61526.15,63908.87,61526.15,63603.92,45.61004
1781222400000,63600.19,64386.53,61999.99,63586.66,58.46646
1781308800000,63577.39,64751.35,63451.3,64440.92,47.60597
1781395200000,64457.26,65794.09,63688.72,65759.69,39.6455
1781481600000,65769.47,67276.27,65396.35,66325.9,42.30622
1781568000000,66307.51,66982.41,65396.62,65672.74,50.30248
1781654400000,65716.73,66437.5,63971.29,64453.17,48.77698
1781740800000,64506.84,64794.75,62276.78,62984.56,19.2381
1781827200000,62950.26,63644.55,62327.51,63535.89,48.78017
1781913600000,63568.52,64372.74,63169.84,64312.8,17.7653
1782000000000,64288.54,64555.75,63286.14,63308.83,7.64821
1782086400000,63436.51,65582.13,63386.48,64018.92,20.12386
1782172800000,64019.0,64250.79,61950.0,62747.4,15.09987
1782259200000,62748.3,63182.13,59123.66,61061.55,46.05907
1782345600000,61077.45,61939.65,58150.0,59690.22,109.25976
1782432000000,59805.82,60740.71,58372.73,60096.02,53.06842
1782518400000,60127.68,60914.55,59871.78,60034.55,40.79063
1782604800000,60065.0,60520.37,58938.36,59523.42,42.32187
1782691200000,59582.85,60767.22,58922.52,60253.78,22.20796
1782777600000,60222.39,60248.1,58206.63,58632.52,37.05391
1782864000000,58631.51,61321.46,57800.0,60033.87,85.04512
1782950400000,60016.35,62199.02,59593.67,61557.61,59.78028
1783036800000,61573.15,62956.97,61270.44,62607.32,44.42542
1783123200000,62603.2,63453.49,62344.72,63173.19,63.36345
1783209600000,63137.87,63999.96,62481.28,63637.54,47.75619
1783296000000,63648.89,64649.5,61322.37,64033.63,74.24529
1783382400000,64038.09,64310.19,62700.0,63339.51,67.56145
1783468800000,63369.55,63742.15,61551.24,62303.49,50.89075
1783555200000,62298.84,63481.78,61712.05,63290.95,49.81655
1783641600000,63231.72,64699.98,62953.0,64169.35,65.04851
1783728000000,64139.58,64500.0,63813.14,63844.0,30.75311
1783814400000,63830.0,64284.74,63646.0,63786.02,29.37457
1783900800000,63755.3,64394.06,61819.42,62338.89,121.65544
1783987200000,62343.01,62680.48,62300.35,62339.54,9.09639
